timestamp_s,ground_truth_east_m,ground_truth_north_m,forward_accel_ins_east_m,forward_accel_ins_north_m,ai_assisted_ins_east_m,ai_assisted_ins_north_m,ground_truth_speed_mps,ai_assisted_ins_speed_mps,cnn_speed_prior_mps,cumulative_distance_m,cumulative_drift_error_m,ten_percent_ceiling_m
1200.100000,0.000000,0.000000,0.000000,0.000000,0.000000,0.000000,31.480556,31.480556,10.110045,0.000000,0.000000,0.000000
1200.200000,-2.593212,1.725452,-2.614772,1.751489,-2.614772,1.751489,31.469444,31.463057,10.106029,3.114793,0.033805,0.311479
1200.300000,-5.220367,3.506564,-5.232550,3.498776,-5.232527,3.498760,31.469444,31.483258,10.122102,6.288797,0.014449,0.628880
1200.400000,-7.840733,5.332204,-7.850915,5.244541,-7.851073,5.244646,31.447222,31.460842,10.139914,9.482428,0.088166,0.948243
1200.500000,-10.420368,7.035392,-10.465449,6.995426,-10.465902,6.995729,31.461111,31.479209,10.138223,12.573603,0.060386,1.257360
1200.600000,-12.932118,8.827636,-13.079521,8.750922,-13.079959,8.751215,31.441667,31.497058,10.121353,15.659219,0.166424,1.565922
1200.700000,-15.491388,10.564220,-15.698068,10.500713,-15.698382,10.500923,31.450000,31.487444,10.127248,18.752047,0.216456,1.875205
1200.800000,-17.982772,12.311936,-18.323922,12.240770,-18.324190,12.240949,31.441667,31.512748,10.150792,21.795320,0.348720,2.179532
1200.900000,-20.548830,14.081916,-20.954479,13.976261,-20.954629,13.976363,31.427778,31.513798,10.140797,24.912608,0.419301,2.491261
1201.000000,-23.209927,15.929819,-23.585131,15.714070,-23.585088,15.714044,31.441667,31.538090,10.163215,28.152389,0.432787,2.815239
1201.100000,-25.816717,17.822250,-26.215561,17.455283,-26.215338,17.455138,31.419444,31.547968,10.177132,31.373670,0.541914,3.137367
1201.200000,-28.416717,19.603362,-28.845840,19.197599,-28.845388,19.197303,31.430556,31.546565,10.163086,34.525235,0.590460,3.452523
1201.300000,-30.989564,21.228627,-31.473783,20.942518,-31.472883,20.941923,31.394444,31.532528,10.122901,37.568428,0.561958,3.756843
1201.400000,-33.589564,22.976343,-34.102527,22.686515,-34.100842,22.685401,31.397222,31.541661,10.099254,40.701241,0.588262,4.070124
1201.500000,-36.196354,24.735191,-36.736534,24.423734,-36.733640,24.421822,31.402778,31.535379,10.051286,43.845902,0.621994,4.384590
1201.600000,-38.789566,26.482907,-39.372269,26.158595,-39.367825,26.155663,31.383333,31.536435,10.034234,46.973083,0.664434,4.697308
1201.700000,-41.389566,28.241755,-42.007373,27.895039,-42.001315,27.891043,31.386111,31.540704,10.045329,50.112119,0.705149,5.011212
1201.800000,-43.982778,30.000603,-44.641166,29.636437,-44.633552,29.631413,31.375000,31.570497,10.078344,53.245535,0.748203,5.324554
1201.900000,-46.589568,31.737187,-47.274817,31.380638,-47.265668,31.374597,31.386111,31.569751,10.077844,56.377799,0.767192,5.637780
1202.000000,-49.175991,33.496035,-49.910589,33.121291,-49.899800,33.114166,31.377778,31.564248,10.053856,59.505599,0.818366,5.950560
1202.100000,-51.775992,35.243751,-52.551006,34.856141,-52.538351,34.847790,31.366667,31.578136,10.046953,62.638411,0.859055,6.263841
1202.200000,-54.369204,37.002599,-55.188051,36.595102,-55.173543,36.585529,31.394444,31.553397,10.045018,65.771827,0.906040,6.577183
1202.300000,-56.955628,38.750315,-57.821216,38.336261,-57.805096,38.325623,31.355556,31.543342,10.054268,68.893381,0.949716,6.889338
1202.400000,-59.548840,40.498031,-60.455240,40.077110,-60.437628,40.065485,31.347222,31.567186,10.079835,72.020562,0.988454,7.202056
1202.500000,-62.135263,42.256879,-63.093108,41.813436,-63.074231,41.800978,31.347222,31.563176,10.114216,75.148362,1.043794,7.514836
1202.600000,-64.728475,44.004595,-65.729806,43.547368,-65.710196,43.534429,31.338889,31.534091,10.140419,78.275543,1.088499,7.827554
1202.700000,-67.321688,45.774575,-68.369673,45.278354,-68.349436,45.265003,31.336111,31.586359,10.156017,81.415221,1.147140,8.141522
1202.800000,-69.914900,47.522291,-71.011565,47.011913,-70.990751,46.998184,31.330556,31.597365,10.212363,84.542402,1.196722,8.454240
1202.900000,-72.494535,49.270007,-73.650584,48.750716,-73.629796,48.737004,31.344444,31.610409,10.286060,87.658333,1.254157,8.765833
1203.000000,-75.087747,51.017723,-76.290062,50.489937,-76.269942,50.476665,31.311111,31.625003,10.352631,90.785514,1.300126,9.078551
1203.100000,-77.674171,52.787703,-78.930720,52.232125,-78.911607,52.219518,31.319444,31.670907,10.406132,93.919587,1.361647,9.391959
1203.200000,-80.260594,54.524287,-81.574054,53.975082,-81.556319,53.963383,31.311111,31.687005,10.479705,97.034922,1.411919,9.703492
1203.300000,-82.853806,56.283135,-84.220100,55.716047,-84.204455,55.705724,31.302778,31.711346,10.571585,100.168338,1.468896,10.016834
1203.400000,-85.440230,58.019719,-86.866583,57.458029,-86.853614,57.449467,31.300000,31.719512,10.615023,103.283673,1.524087,10.328367
1203.500000,-88.026654,59.767435,-89.512491,59.202806,-89.502655,59.196310,31.288889,31.743468,10.684242,106.405227,1.582645,10.640523
1203.600000,-90.613077,61.504019,-92.158888,60.946950,-92.152818,60.942936,31.297222,31.735881,10.742754,109.520562,1.638785,10.952056
1203.700000,-93.199501,63.251735,-94.810387,62.682606,-94.808651,62.681429,31.294444,31.748931,10.787534,112.642116,1.707224,11.264212
1203.800000,-95.785924,65.010583,-97.460540,64.422545,-97.463557,64.424489,31.305556,31.770475,10.851949,115.769916,1.777065,11.576992
1203.900000,-98.372348,66.747167,-100.112230,66.167484,-100.120164,66.172663,31.319444,31.833518,10.901180,118.885250,1.839814,11.888525
1204.000000,-100.951983,68.494883,-102.764763,67.917350,-102.777664,67.925805,31.266667,31.840074,10.931043,122.001182,1.912318,12.200118
1204.100000,-103.538407,70.231467,-105.419898,69.670180,-105.437840,69.681963,31.275000,31.911400,10.992250,125.116517,1.977321,12.511652
1204.200000,-106.118042,71.990315,-108.080828,71.423484,-108.103904,71.438651,31.277778,31.944215,11.051201,128.238706,2.061063,12.823871
1204.300000,-108.704465,73.738031,-110.746425,73.172135,-110.774894,73.190839,31.283333,31.944291,11.069236,131.360259,2.141517,13.136026
1204.400000,-111.284101,75.496879,-113.413066,74.915305,-113.447249,74.937745,31.294444,31.909172,11.071472,134.482448,2.234243,13.448245
1204.500000,-113.863736,77.255727,-116.074624,76.660417,-116.114761,76.686760,31.288889,31.886351,11.054048,137.604637,2.321818,13.760464
1204.600000,-116.436582,79.003443,-118.735147,78.408326,-118.780931,78.438379,31.302778,31.915315,11.024562,140.714951,2.411487,14.071495
1204.700000,-119.023006,80.751159,-121.397099,80.159745,-121.447916,80.193110,31.241667,31.934157,10.994502,143.836505,2.488294,14.383650
1204.800000,-121.602641,82.510007,-124.057071,81.911900,-124.112602,81.948370,31.247222,31.882746,10.936262,146.958694,2.572030,14.695869
1204.900000,-124.182276,84.268855,-126.715858,83.660247,-126.775883,83.699672,31.250000,31.867144,10.888310,150.080882,2.655328,15.008088
1205.000000,-126.755123,86.027702,-129.374808,85.406267,-129.438961,85.448403,31.241667,31.851133,10.840257,153.197465,2.745647,15.319746
1205.100000,-129.327969,87.786550,-132.034188,87.152478,-132.101927,87.196969,31.283333,31.863451,10.789511,156.314047,2.835921,15.631405
1205.200000,-131.900816,89.545398,-134.696769,88.894448,-134.767494,88.940892,31.280556,31.843744,10.727034,159.430630,2.929722,15.943063
1205.300000,-134.473662,91.315378,-137.356975,90.639070,-137.429973,90.687005,31.252778,31.835785,10.637129,162.553508,3.022354,16.255351
1205.400000,-137.053297,93.074226,-140.015871,92.384589,-140.090500,92.433595,31.233333,31.816318,10.586935,165.675697,3.104030,16.567570
1205.500000,-139.626144,94.833074,-142.678928,94.128112,-142.754491,94.177729,31.227778,31.866818,10.545868,168.792279,3.196253,16.879228
1205.600000,-142.198991,96.603054,-145.347887,95.866772,-145.423350,95.916324,31.261111,31.837249,10.426777,171.915157,3.296679,17.191516
1205.700000,-144.765049,98.361902,-148.016041,97.604987,-148.090796,97.654078,31.247222,31.833968,10.406479,175.026138,3.400237,17.502614
1205.800000,-147.337895,100.120750,-150.679995,99.343625,-150.753862,99.392136,31.255556,31.767182,10.325000,178.142720,3.492808,17.814272
1205.900000,-149.903953,101.879598,-153.341488,101.085329,-153.414024,101.132969,31.263889,31.815712,10.310513,181.253701,3.588600,18.125370
1206.000000,-152.476800,103.649578,-156.002035,102.829053,-156.072622,102.875416,31.255556,31.758709,10.208273,184.376579,3.678215,18.437658
1206.100000,-155.042858,105.397294,-158.662093,104.565890,-158.730244,104.610662,31.238889,31.720519,10.130104,187.481280,3.770359,18.748128
1206.200000,-157.615705,107.156142,-161.322393,106.298468,-161.387646,106.341353,31.247222,31.705259,10.074194,190.597862,3.858940,19.059786
1206.300000,-160.188551,108.937254,-163.981959,108.031552,-164.043973,108.072326,31.255556,31.705594,10.055548,193.727063,3.951250,19.372706
1206.400000,-162.754609,110.707234,-166.640540,109.763679,-166.699426,109.802415,31.258333,31.680976,10.069676,196.844351,4.047256,19.684435
1206.500000,-165.320667,112.488345,-169.295902,111.493805,-169.352046,111.530755,31.269444,31.639016,10.056282,199.967972,4.143549,19.996797
1206.600000,-167.886725,114.269457,-171.948372,113.225092,-172.001700,113.260204,31.266667,31.643386,10.018754,203.091594,4.236934,20.309159
1206.700000,-170.459572,116.061701,-174.603436,114.953533,-174.653753,114.986684,31.241667,31.646797,10.030334,206.227145,4.329759,20.622714
1206.800000,-173.025630,117.831681,-177.256898,116.678803,-177.304412,116.710131,31.275000,31.586940,9.998991,209.344433,4.423330,20.934443
1206.900000,-175.591688,119.590529,-179.908236,118.402039,-179.953200,118.431710,31.269444,31.595057,10.022915,212.455413,4.512831,21.245541
1207.000000,-178.164535,121.349377,-182.560295,120.125816,-182.602658,120.153797,31.252778,31.603715,10.006877,215.571996,4.596341,21.557200
1207.100000,-180.730593,123.119357,-185.211327,121.850048,-185.250999,121.876278,31.247222,31.580617,9.992498,218.689283,4.688210,21.868928
1207.200000,-183.296651,124.889337,-187.860120,123.573972,-187.897251,123.598548,31.230556,31.566411,9.995912,221.806571,4.778248,22.180657
1207.300000,-185.862709,126.659317,-190.506137,125.301233,-190.540825,125.324215,31.216667,31.572833,10.001457,224.923859,4.864902,22.492386
1207.400000,-188.421979,128.440428,-193.152164,127.027792,-193.184443,127.049202,31.208333,31.559714,9.995155,228.041906,4.961510,22.804191
1207.500000,-190.981248,130.210408,-195.800750,128.750246,-195.830517,128.770022,31.227778,31.568491,9.979323,231.153608,5.058668,23.115361
1207.600000,-193.540518,131.980388,-198.452724,130.467306,-198.479871,130.485386,31.208333,31.555356,9.972759,234.265310,5.160643,23.426531
1207.700000,-196.092999,133.750368,-201.101590,132.186656,-201.126060,132.202999,31.194444,31.539843,9.940357,237.371432,5.265554,23.737143
1207.800000,-198.652268,135.531480,-203.750037,133.905444,-203.771854,133.920065,31.194444,31.542777,9.964355,240.489479,5.367198,24.048948
1207.900000,-201.211538,137.301460,-206.393470,135.625943,-206.413078,135.639127,31.177778,31.484950,9.962725,243.601181,5.460712,24.360118
1208.000000,-203.764019,139.071440,-209.035237,137.340710,-209.052935,137.352653,31.155556,31.459519,9.933658,246.707302,5.561192,24.670730
1208.100000,-206.316500,140.841420,-211.676874,139.053259,-211.692412,139.063802,31.166667,31.452721,9.887118,249.813423,5.662187,24.981342
1208.200000,-208.862192,142.611400,-214.317519,140.763961,-214.330791,140.773036,31.141667,31.420228,9.875603,252.913968,5.769328,25.291397
1208.300000,-211.414674,144.381380,-216.951842,142.473548,-216.963312,142.481453,31.108333,31.345550,9.861128,256.020089,5.864905,25.602009
1208.400000,-213.960366,146.173623,-219.583597,144.179210,-219.593848,144.186326,31.113889,31.348347,9.905653,259.133398,5.973732,25.913340
1208.500000,-216.512847,147.932471,-222.212553,145.886176,-222.221900,145.892704,31.130556,31.320250,9.890713,262.233189,6.062502,26.223319
1208.600000,-219.044963,149.702451,-224.833944,147.594285,-224.842924,147.600575,31.119444,31.246804,9.898079,265.322596,6.167191,26.532260
1208.700000,-221.583867,151.494695,-227.449430,149.296473,-227.459065,149.303189,31.119444,31.181044,9.930349,268.430356,6.270619,26.843036
1208.800000,-224.122771,153.275807,-230.062543,150.995138,-230.073370,151.002629,31.086111,31.181406,9.926602,271.531710,6.370006,27.153171
1208.900000,-226.654886,155.045787,-232.672856,152.696142,-232.685158,152.704594,31.061111,31.166387,9.965255,274.621117,6.468799,27.462112
1209.000000,-229.187002,156.849163,-235.281477,154.396579,-235.295940,154.406440,31.047222,31.163267,10.028821,277.729778,6.579211,27.772978
1209.100000,-231.725906,158.619142,-237.886852,156.097396,-237.904148,156.109107,31.072222,31.132232,10.048842,280.824752,6.668655,28.082475
1209.200000,-234.258021,160.411386,-240.487486,157.796495,-240.508377,157.810553,31.050000,31.083279,10.082232,283.926968,6.769880,28.392697
1209.300000,-236.783348,162.203630,-243.085539,159.490842,-243.110841,159.507777,31.044444,31.056523,10.115980,287.023646,6.877847,28.702365
1209.400000,-239.315464,163.984742,-245.680908,161.182471,-245.711214,161.202668,31.044444,31.022780,10.125397,290.119444,6.974637,29.011944
1209.500000,-241.840791,165.765854,-248.275266,162.873604,-248.310940,162.897300,31.055556,31.042840,10.165860,293.209693,7.077530,29.320969
1209.600000,-244.372906,167.546966,-250.873104,164.562535,-250.914289,164.589814,31.036111,31.060392,10.187441,296.305491,7.178749,29.630549
1209.700000,-246.905022,169.328077,-253.471346,166.250790,-253.518429,166.281901,31.041667,31.051450,10.241912,299.401290,7.281233,29.940129
1209.800000,-249.430349,171.120321,-256.064783,167.943514,-256.118425,167.978906,31.050000,31.044629,10.288918,302.497968,7.389104,30.249797
1209.900000,-251.962464,172.901433,-258.656232,169.638835,-258.716774,169.678741,31.044444,31.054827,10.305881,305.593766,7.483745,30.559377
1210.000000,-254.487791,174.693677,-261.249245,171.329240,-261.316955,171.373819,31.055556,31.023291,10.313112,308.690444,7.593349,30.869044
1210.100000,-257.019907,176.485921,-263.842366,173.014310,-263.917643,173.063806,31.069444,31.007778,10.327369,311.792661,7.699976,31.179266
1210.200000,-259.552022,178.255901,-266.434987,174.697259,-266.518097,174.751840,31.033333,30.998097,10.334229,314.882068,7.797733,31.488207
1210.300000,-262.084138,180.037012,-269.025074,176.378752,-269.116522,176.438746,31.047222,30.961455,10.369361,317.977867,7.899491,31.797787
1210.400000,-264.616253,181.806992,-271.610317,178.061411,-271.710619,178.127168,31.066667,30.942042,10.369387,321.067274,7.991942,32.106727
1210.500000,-267.148369,183.588104,-274.191274,179.743749,-274.300770,179.815498,31.069444,30.894327,10.362548,324.163073,8.086372,32.416307
1210.600000,-269.680484,185.369216,-276.770996,181.425444,-276.889812,181.503269,31.055556,30.917347,10.366833,327.258871,8.180462,32.725887
1210.700000,-272.212600,187.161460,-279.354936,183.103917,-279.482679,183.187541,31.052778,30.920279,10.317972,330.361087,8.285293,33.036109
1210.800000,-274.744715,188.931440,-281.937089,184.779454,-282.073752,184.868867,31.055556,30.855172,10.303030,333.450495,8.379695,33.345049
1210.900000,-277.276831,190.734816,-284.514605,186.450568,-284.660748,186.546127,31.061111,30.807616,10.302782,336.559156,8.489249,33.655916
1211.000000,-279.808946,192.493663,-287.090049,188.123113,-287.245508,188.224721,31.066667,30.832183,10.251955,339.642199,8.574749,33.964220
1211.100000,-282.334273,194.285907,-289.666619,189.801553,-289.830529,189.908667,31.052778,30.870370,10.216066,342.738877,8.680673,34.273888
1211.200000,-284.866389,196.089283,-292.243949,191.481249,-292.415745,191.593502,31.063889,30.845133,10.165747,345.847538,8.786628,34.584754
1211.300000,-287.391716,197.881527,-294.825177,193.155003,-295.004459,193.272110,31.055556,30.861148,10.135065,348.944216,8.899470,34.894422
1211.400000,-289.923831,199.662639,-297.407807,194.829269,-297.594078,194.950908,31.052778,30.862402,10.096173,352.040014,9.001839,35.204001
1211.500000,-292.449158,201.466014,-299.988378,196.506916,-300.181174,196.632796,31.058333,30.852465,10.046056,355.143148,9.118337,35.514315
1211.600000,-294.974485,203.258258,-302.565311,198.190345,-302.764216,198.320215,31.072222,30.854877,10.017379,358.239826,9.223024,35.823983
1211.700000,-297.499812,205.061634,-305.144436,199.870390,-305.349137,200.004036,31.063889,30.844613,9.982541,361.342960,9.337622,36.134296
1211.800000,-300.025139,206.887274,-307.722565,201.550206,-307.932720,201.687406,31.050000,30.827551,9.930429,364.459085,9.464061,36.445909
1211.900000,-302.550466,208.679517,-310.297599,203.230376,-310.512933,203.370955,31.069444,30.790086,9.880056,367.555763,9.569833,36.755576
1212.000000,-305.075793,210.482893,-312.872488,204.909598,-313.092751,205.053392,31.086111,30.808800,9.867897,370.658897,9.682516,37.065890
1212.100000,-307.587543,212.297401,-315.447706,206.589066,-315.672718,206.735957,31.063889,30.793969,9.852281,373.757498,9.813242,37.375750
1212.200000,-310.112870,214.100777,-318.018499,208.272325,-318.248256,208.422323,31.063889,30.776239,9.835752,376.860632,9.921156,37.686063
1212.300000,-312.631409,215.926416,-320.588007,209.953233,-320.822543,210.106357,31.080556,30.747492,9.811539,379.971258,10.048272,37.997126
1212.400000,-315.149947,217.707528,-323.157060,211.632388,-323.396359,211.788625,31.075000,30.749021,9.805397,383.055962,10.150700,38.305596
1212.500000,-317.668486,219.533168,-325.726374,213.307924,-325.970338,213.467203,31.080556,30.709900,9.756327,386.166588,10.281862,38.616659
1212.600000,-320.187024,221.347675,-328.297127,214.976227,-328.545846,215.138592,31.091667,30.696212,9.767069,389.270694,10.412618,38.927069
1212.700000,-322.712351,223.162183,-330.863758,216.645723,-331.117482,216.811344,31.094444,30.659836,9.750597,392.380311,10.534675,39.238031
1212.800000,-325.230890,224.965559,-333.428779,218.318129,-333.687615,218.487083,31.097222,30.703629,9.793935,395.477923,10.653021,39.547792
1212.900000,-327.749428,226.780067,-335.999975,219.984246,-336.263831,220.156453,31.113889,30.692427,9.765461,398.582029,10.787369,39.858203
1213.000000,-330.274755,228.594574,-338.573933,221.642286,-338.842859,221.817759,31.119444,30.663323,9.760715,401.691645,10.924177,40.169165
1213.100000,-332.806871,230.375686,-341.144665,223.301349,-341.418890,223.480241,31.102778,30.654814,9.768376,404.787444,11.032409,40.478744
1213.200000,-335.332198,232.190194,-343.718980,224.955602,-343.998802,225.138091,31.125000,30.678406,9.826467,407.897060,11.173280,40.789706
1213.300000,-337.864313,234.004702,-346.292170,226.606103,-346.578007,226.792450,31.111111,30.605201,9.791222,411.012192,11.311279,41.101219
1213.400000,-340.389640,235.796945,-348.861109,228.256145,-349.153339,228.446598,31.130556,30.610950,9.825256,414.108870,11.438096,41.410887
1213.500000,-342.921756,237.589189,-351.430908,229.903226,-351.729792,230.097945,31.136111,30.593804,9.824627,417.211086,11.562883,41.721109
1213.600000,-345.460660,239.392565,-353.996844,231.552882,-354.302669,231.752063,31.127778,30.580711,9.846044,420.325279,11.685821,42.032528
1213.700000,-347.992775,241.173677,-356.559738,233.205545,-356.872566,233.409241,31.136111,30.576823,9.819568,423.421078,11.795641,42.342108
1213.800000,-350.524891,242.965921,-359.121906,234.857721,-359.441726,235.065926,31.133333,30.562974,9.826276,426.523294,11.913012,42.652329
1213.900000,-353.070583,244.758164,-361.684838,236.504760,-362.011869,236.717600,31.125000,30.539115,9.819176,429.636603,12.024861,42.963660
1214.000000,-355.616276,246.539276,-364.249201,238.147874,-364.583446,238.365335,31.122222,30.544556,9.806876,432.743516,12.133567,43.274352
1214.100000,-358.148391,248.331520,-366.813161,239.790979,-367.154528,240.013004,31.130556,30.530084,9.794430,435.845732,12.260025,43.584573
1214.200000,-360.694084,250.112632,-369.372868,241.435510,-369.721523,241.662218,31.125000,30.492432,9.784547,438.952646,12.365443,43.895265
1214.300000,-363.246565,251.893744,-371.930369,243.076203,-372.286747,243.307866,31.150000,30.461756,9.801371,442.065123,12.467646,44.206512
1214.400000,-365.785469,253.674856,-374.488169,244.712092,-374.852529,244.948859,31.138889,30.451607,9.787466,445.166477,12.583902,44.516648
1214.500000,-368.337950,255.455967,-377.048738,246.343309,-377.420988,246.585103,31.144444,30.455786,9.778067,448.278955,12.696213,44.827895
1214.600000,-370.890431,257.225947,-379.611421,247.973056,-379.991518,248.219840,31.136111,30.470364,9.797853,451.385076,12.803896,45.138508
1214.700000,-373.456489,258.995927,-382.171566,249.611941,-382.559299,249.863613,31.133333,30.506635,9.794763,454.502364,12.894197,45.450236
1214.800000,-375.995393,260.765907,-384.728242,251.257479,-385.123720,251.514136,31.138889,30.486751,9.835523,457.597337,12.996985,45.759734
1214.900000,-378.541085,262.547019,-387.284720,252.902927,-387.688209,253.164740,31.141667,30.508656,9.843210,460.704251,13.103321,46.070425
1215.000000,-381.120721,264.305867,-389.843276,254.547283,-390.254432,254.814024,31.144444,30.501625,9.789577,463.826440,13.172690,46.382644
1215.100000,-383.659625,266.042451,-392.400513,256.187953,-392.819344,256.459618,31.141667,30.446721,9.782110,466.902437,13.256363,46.690244
1215.200000,-386.218894,267.812431,-394.954826,257.829185,-395.381438,258.105850,31.127778,30.461106,9.768256,470.014139,13.348031,47.001414
1215.300000,-388.784952,269.560147,-397.511460,259.474418,-397.945449,259.755829,31.127778,30.519498,9.784935,473.118839,13.417874,47.311884
1215.400000,-391.337433,271.330127,-400.071096,261.123413,-400.512128,261.409362,31.094444,30.544427,9.793613,476.224960,13.512831,47.622496
1215.500000,-393.896703,273.122371,-402.631951,262.777604,-403.079787,263.067948,31.127778,30.590778,9.815564,479.349380,13.616918,47.934938
1215.600000,-396.449184,274.803295,-405.198392,264.432760,-405.652648,264.727244,31.108333,30.639520,9.821071,482.405630,13.646632,48.240563
1215.700000,-399.008453,276.584407,-407.774314,266.083329,-408.234377,266.381535,31.125000,30.685859,9.801890,485.523678,13.755591,48.552368
1215.800000,-401.560935,278.343255,-410.353925,267.733079,-410.819342,268.034709,31.133333,30.681972,9.784021,488.623469,13.855838,48.862347
1215.900000,-404.126993,280.102103,-412.932406,269.381184,-413.403370,269.686359,31.105556,30.653668,9.803061,491.734450,13.947720,49.173445
1216.000000,-406.686262,281.860951,-415.504990,271.032517,-415.982053,271.341607,31.119444,30.630741,9.830151,494.839833,14.038102,49.483983
1216.100000,-409.259109,283.619799,-418.073820,272.688096,-418.557308,273.001327,31.147222,30.644413,9.852145,497.956415,14.114123,49.795642
1216.200000,-411.811590,285.367515,-420.643383,274.343129,-421.133496,274.660628,31.158333,30.641883,9.875927,501.049904,14.196315,50.104990
1216.300000,-414.384436,287.126363,-423.211339,275.996824,-423.708407,276.318800,31.138889,30.610704,9.875683,504.166486,14.273746,50.416649
1216.400000,-416.957283,288.874079,-425.776924,277.649375,-426.281217,277.976006,31.150000,30.596107,9.877731,507.276800,14.342376,50.727680
1216.500000,-419.523341,290.632927,-428.345482,279.296793,-428.857174,279.628169,31.161111,30.609106,9.902561,510.387780,14.430008,51.038778
1216.600000,-422.089399,292.391775,-430.916497,280.941663,-431.435614,281.277789,31.161111,30.610501,9.895677,513.498761,14.521446,51.349876
1216.700000,-424.669034,294.128359,-433.485654,282.587922,-434.012287,282.928864,31.150000,30.595030,9.905016,516.608462,14.585096,51.660846
1216.800000,-427.241881,295.876075,-436.051124,284.240618,-436.585304,284.586422,31.177778,30.619068,9.911743,519.718776,14.654549,51.971878
1216.900000,-429.821516,297.612659,-438.615396,285.895273,-439.157160,286.245971,31.172222,30.597100,9.914293,522.828477,14.709040,52.282848
1217.000000,-432.401151,299.360375,-441.178076,287.551867,-441.727427,287.907470,31.163889,30.613529,9.907342,525.944408,14.769850,52.594441
1217.100000,-434.980786,301.096959,-443.742804,289.207910,-444.299492,289.568250,31.175000,30.619503,9.892551,529.054110,14.823947,52.905411
1217.200000,-437.560421,302.844675,-446.310227,290.862540,-446.873940,291.227408,31.166667,30.635974,9.874605,532.170041,14.889679,53.217004
1217.300000,-440.146845,304.570127,-448.874864,292.523803,-449.445290,292.893018,31.188889,30.637503,9.857810,535.279184,14.927021,53.527918
1217.400000,-442.726480,306.306711,-451.439994,294.190224,-452.016729,294.563538,31.208333,30.690903,9.859937,538.388886,14.973671,53.838889
1217.500000,-445.319692,308.021031,-454.009423,295.853758,-454.592111,296.230927,31.191667,30.669610,9.826732,541.497526,14.999477,54.149753
1217.600000,-447.912904,309.646296,-456.581641,297.512792,-457.170134,297.893705,31.188889,30.685208,9.827303,544.557956,14.960605,54.455796
1217.700000,-450.506116,311.349484,-459.150710,299.173827,-459.745107,299.558557,31.227778,30.640864,9.815755,547.660471,14.979483,54.766047
1217.800000,-453.085751,313.097200,-461.717527,300.832678,-462.318133,301.221420,31.200000,30.630902,9.826089,550.776402,15.042308,55.077640
1217.900000,-455.678964,314.833784,-464.281640,302.491469,-464.888670,302.884367,31.213889,30.600001,9.813004,553.897375,15.086658,55.389738
1218.000000,-458.265387,316.559236,-466.841775,304.149137,-467.455550,304.546402,31.241667,30.559562,9.811022,557.006519,15.125054,55.700652
1218.100000,-460.858599,318.284688,-469.401054,305.806761,-470.021569,306.208393,31.236111,30.585078,9.797369,560.121312,15.159054,56.012131
1218.200000,-463.451811,320.021272,-471.962704,307.463813,-472.589553,307.869542,31.230556,30.583395,9.763451,563.242285,15.204041,56.324228
1218.300000,-466.045024,321.768988,-474.526366,309.115657,-475.159473,309.525418,31.269444,30.560420,9.758129,566.369466,15.263624,56.636947
1218.400000,-468.638236,323.472176,-477.089882,310.764607,-477.729406,311.178495,31.272222,30.553306,9.760621,569.471981,15.289996,56.947198
1218.500000,-471.231448,325.208760,-479.649467,312.418328,-480.295414,312.836366,31.261111,30.546389,9.746517,572.592954,15.337263,57.259295
1218.600000,-473.838237,326.934213,-482.209608,314.072369,-482.861874,314.494490,31.272222,30.563646,9.752861,575.719059,15.367912,57.571906
1218.700000,-476.438238,328.670797,-484.767620,315.733069,-485.426081,316.159211,31.283333,30.580306,9.760351,578.845675,15.405230,57.884568
1218.800000,-479.038238,330.407381,-487.323827,317.401708,-487.988256,317.831746,31.288889,30.614848,9.766189,581.972291,15.435330,58.197229
1218.900000,-481.638239,332.110569,-489.887444,319.065077,-490.557522,319.498781,31.305556,30.639157,9.761386,585.080482,15.447032,58.508048
1219.000000,-484.251817,333.847153,-492.455676,320.723201,-493.131311,321.160492,31.302778,30.632921,9.766601,588.218398,15.485373,58.821840
1219.100000,-486.858606,335.561473,-495.023094,322.380404,-495.704545,322.821450,31.300000,30.621680,9.789250,591.338373,15.509959,59.133837
1219.200000,-489.478972,337.275793,-497.588683,324.040633,-498.276246,324.485634,31.316667,30.642190,9.828412,594.469700,15.523538,59.446970
1219.300000,-492.092550,338.990113,-500.157220,325.702435,-500.850869,326.151373,31.344444,30.687650,9.850454,597.595349,15.541602,59.759535
1219.400000,-494.699339,340.715565,-502.726390,327.368722,-503.425918,327.821474,31.358333,30.696753,9.847662,600.721454,15.569547,60.072145
1219.500000,-497.312916,342.429886,-505.297947,329.030587,-506.003393,329.487163,31.344444,30.680429,9.848838,603.847104,15.589691,60.384710
1219.600000,-499.926494,344.155338,-507.868081,330.687901,-508.579731,331.148478,31.347222,30.630209,9.830564,606.978872,15.622321,60.697887
1219.700000,-502.540072,345.880790,-510.434461,332.343143,-511.152572,332.807887,31.350000,30.600991,9.814137,610.110640,15.654902,61.011064
1219.800000,-505.153649,347.617374,-513.001301,333.992403,-513.726111,334.461450,31.366667,30.578661,9.819241,613.248556,15.702402,61.324856
1219.900000,-507.767227,349.331694,-515.568443,335.643600,-516.299911,336.116930,31.377778,30.626105,9.832486,616.374205,15.730120,61.637420
1220.000000,-510.380805,351.057146,-518.137697,337.292008,-518.875921,337.769673,31.388889,30.586279,9.843225,619.505973,15.770984,61.950597
1220.100000,-512.994382,352.793730,-520.707333,338.934415,-521.452762,339.416685,31.400000,30.578270,9.861366,622.643888,15.826861,62.264389
1220.200000,-515.607960,354.519182,-523.275127,340.580221,-524.027656,341.067042,31.405556,30.589554,9.829189,625.775657,15.869826,62.577566
1220.300000,-518.228326,356.255766,-525.844049,342.225220,-526.603610,342.716544,31.397222,30.586905,9.858110,628.919228,15.920299,62.891923
1220.400000,-520.848692,357.970087,-528.410138,343.873837,-529.177027,344.369869,31.402778,30.588120,9.880363,632.050556,15.947636,63.205056
1220.500000,-523.469059,359.695539,-530.976093,345.522601,-531.750514,346.023472,31.397222,30.591091,9.897867,635.187992,15.984615,63.518799
1220.600000,-526.089425,361.409859,-533.544226,347.172165,-534.326144,347.677852,31.447222,30.632570,9.918501,638.319319,16.012856,63.831932
1220.700000,-528.716579,363.135311,-536.118557,348.819802,-536.907779,349.330164,31.452778,30.669874,9.941851,641.462427,16.052347,64.146243
1220.800000,-531.336946,364.860763,-538.697593,350.462929,-539.493992,350.977863,31.447222,30.660081,9.921966,644.599863,16.101935,64.459986
1220.900000,-533.964100,366.575083,-541.278755,352.104278,-542.082332,352.623777,31.447222,30.686597,9.958344,647.736874,16.141395,64.773687
1221.000000,-536.591255,368.311667,-543.858840,353.749220,-544.669790,354.273419,31.472222,30.685256,9.981872,650.886106,16.196763,65.088611
1221.100000,-539.211621,370.048251,-546.440117,355.395836,-547.258633,355.924862,31.458333,30.729309,10.034998,654.029678,16.254985,65.402968
1221.200000,-541.859141,371.918419,-549.024286,357.043264,-549.850417,357.577144,31.452778,30.743851,10.048435,657.271111,16.417450,65.727111
1221.300000,-544.513450,373.621607,-551.612175,358.683553,-552.445983,359.222299,31.483333,30.716706,10.031092,660.424872,16.439743,66.042487
1221.400000,-547.127028,375.302531,-554.202020,360.323092,-555.043412,360.866639,31.500000,30.766606,10.054688,663.532330,16.464025,66.353233
1221.500000,-549.767760,377.072511,-556.791754,361.968043,-557.640619,362.516336,31.500000,30.770313,10.066564,666.711369,16.548841,66.671137
1221.600000,-552.360972,378.809095,-559.376979,363.613778,-560.233789,364.167130,31.497222,30.710269,10.081488,669.832342,16.624332,66.983234
1221.700000,-554.994915,380.512283,-561.958060,365.260294,-562.823236,365.818982,31.513889,30.718866,10.088840,672.968982,16.648595,67.296898
1221.800000,-557.628858,382.215472,-564.540301,366.909841,-565.413484,367.473645,31.497222,30.754046,10.063629,676.105621,16.670989,67.610562
1221.900000,-560.262801,383.907528,-567.122824,368.559991,-568.003770,369.128754,31.516667,30.724301,10.051881,679.236230,16.683367,67.923623
1222.000000,-562.896745,385.655244,-569.703112,370.206230,-570.592213,370.780196,31.530556,30.683522,10.060635,682.397269,16.747754,68.239727
1222.100000,-565.530688,387.347300,-572.280997,371.853295,-573.178541,372.432655,31.505556,30.699569,10.077773,685.527878,16.761154,68.552788
1222.200000,-568.171419,389.061620,-574.856029,373.501393,-575.762038,374.086172,31.508333,30.647239,10.029140,688.676268,16.789329,68.867627
1222.300000,-570.812151,390.775940,-577.429243,375.144426,-578.344065,375.734832,31.527778,30.622471,10.060172,691.824657,16.821554,69.182466
1222.400000,-573.452883,392.490261,-580.001868,376.784252,-580.925709,377.380407,31.533333,30.607595,10.024471,694.973047,16.856774,69.497305
1222.500000,-576.093615,394.204581,-582.575241,378.425056,-583.507681,379.026694,31.527778,30.635660,10.000512,698.121437,16.891910,69.812144
1222.600000,-578.734346,395.896637,-585.152115,380.068521,-586.092433,380.675183,31.536111,30.678135,9.969440,701.257759,16.906629,70.125776
1222.700000,-581.381867,397.610957,-587.734076,381.709656,-588.681768,382.321005,31.530556,30.684352,9.960489,704.411845,16.943175,70.441184
1222.800000,-584.022598,399.336409,-590.316844,383.350491,-591.271667,383.966370,31.533333,30.682745,9.931644,707.566310,16.993737,70.756631
1222.900000,-586.670119,401.028466,-592.899342,384.992233,-593.861116,385.612532,31.519444,30.685321,9.930541,710.708350,17.010628,71.070835
1223.000000,-589.324427,402.720522,-595.480762,386.634415,-596.449485,387.259134,31.530556,30.669226,9.917805,713.856113,17.024129,71.385611
1223.100000,-591.971948,404.412578,-598.068108,388.275683,-599.043218,388.904454,31.561111,30.762130,9.908957,716.998153,17.044201,71.699815
1223.200000,-594.619468,406.115766,-600.659892,389.920917,-601.640699,390.553304,31.566667,30.770354,9.899123,720.146202,17.073017,72.014620
1223.300000,-597.273776,407.807823,-603.250862,391.567614,-604.237436,392.203666,31.561111,30.765769,9.925063,723.293965,17.087488,72.329396
1223.400000,-599.928085,409.499879,-605.844422,393.210671,-606.836834,393.850421,31.572222,30.776651,9.916966,726.441727,17.106617,72.644173
1223.500000,-602.582394,411.191935,-608.440304,394.853935,-609.438407,395.497288,31.561111,30.803699,9.937106,729.589490,17.126788,72.958949
1223.600000,-605.243491,412.895123,-611.039323,396.494449,-612.043145,397.141412,31.555556,30.800875,9.945529,732.748966,17.158517,73.274897
1223.700000,-607.904589,414.598312,-613.637124,398.134612,-614.646810,398.785278,31.552778,30.782777,9.941082,735.908442,17.190392,73.590844
1223.800000,-610.565686,416.290368,-616.232783,399.771916,-617.248726,400.426528,31.586111,30.743367,9.955915,739.061931,17.214077,73.906193
1223.900000,-613.219995,417.993556,-618.821554,401.416665,-619.844175,402.075521,31.569444,30.756347,9.990344,742.215692,17.241335,74.221569
1224.000000,-615.874303,419.685612,-621.412181,403.061033,-622.441505,403.724143,31.591667,30.771133,9.987375,745.363454,17.259683,74.536345
1224.100000,-618.528612,421.377668,-624.006550,404.701135,-625.042488,405.368426,31.550000,30.771632,9.989041,748.511217,17.283704,74.851122
1224.200000,-621.189709,423.069725,-626.602863,406.342321,-627.645297,407.013717,31.561111,30.812766,10.008271,751.664706,17.305201,75.166471
1224.300000,-623.850807,424.750649,-629.205634,407.983495,-630.254291,408.658816,31.527778,30.874197,10.043705,754.812236,17.319114,75.481224
1224.400000,-626.511904,426.442705,-631.814903,409.620604,-632.869660,410.299752,31.525000,30.876338,10.048865,757.965725,17.349813,75.796572
1224.500000,-629.179790,428.134762,-634.426000,411.253872,-635.486920,411.936876,31.530556,30.865790,10.045544,761.124945,17.382502,76.112494
1224.600000,-631.834098,429.793422,-637.031314,412.883430,-638.098899,413.570602,31.511111,30.750756,10.009871,764.254882,17.390446,76.425488
1224.700000,-634.501984,431.496610,-639.627455,414.515703,-640.702444,415.207530,31.505556,30.756900,10.066458,767.420078,17.429281,76.742008
1224.800000,-637.169870,433.166403,-642.224961,416.145965,-643.307467,416.842510,31.522222,30.755057,10.033060,770.567429,17.439597,77.056743
1224.900000,-639.837756,434.825063,-644.826032,417.767554,-645.915982,418.468740,31.522222,30.723321,10.017908,773.708889,17.449187,77.370889
1225.000000,-642.498853,436.505987,-647.427569,419.389196,-648.524818,420.094931,31.508333,30.760072,10.012788,776.856419,17.482420,77.685642
1225.100000,-645.166739,438.153516,-650.025145,421.015455,-651.129649,421.725733,31.502778,30.704273,9.993061,779.992015,17.476508,77.999202
1225.200000,-647.834624,439.801044,-652.619276,422.638671,-653.731569,423.353822,31.500000,30.681912,10.026587,783.127612,17.472409,78.312761
1225.300000,-650.502510,441.481969,-655.214666,424.261546,-656.334738,424.981562,31.488889,30.721758,10.008625,786.280883,17.500808,78.628088
1225.400000,-653.177185,443.140629,-657.811448,425.881405,-658.939086,426.606140,31.472222,30.668403,9.975353,789.428110,17.509678,78.942811
1225.500000,-655.845070,444.821553,-660.407862,427.496051,-661.543349,428.225668,31.486111,30.666933,10.001655,792.581382,17.546903,79.258138
1225.600000,-658.506168,446.457950,-663.002045,429.116214,-664.145361,429.850719,31.469444,30.688607,9.993443,795.705359,17.538546,79.570536
1225.700000,-661.187630,448.127742,-665.599475,430.733425,-666.750611,431.472800,31.483333,30.690454,10.022763,798.864227,17.559438,79.886423
1225.800000,-663.848728,449.786403,-668.194125,432.354164,-669.353144,433.098463,31.452778,30.680428,9.997275,801.999923,17.572306,80.199992
1225.900000,-666.516613,451.445063,-670.787358,433.979513,-671.953954,434.728561,31.472222,30.708272,9.988805,805.141383,17.578570,80.514138
1226.000000,-669.191288,453.081459,-673.382326,435.605777,-674.556209,436.359392,31.463889,30.712699,9.979375,808.276934,17.561604,80.827693
1226.100000,-671.865962,454.717856,-675.978032,437.229746,-677.159139,437.987881,31.463889,30.694857,9.964027,811.412484,17.547359,81.141248
1226.200000,-674.533848,456.376516,-678.575005,438.850945,-679.763290,439.613561,31.444444,30.703646,9.961567,814.553944,17.559720,81.455394
1226.300000,-677.208522,458.024045,-681.169899,440.477614,-682.365125,441.244580,31.441667,30.712197,9.941501,817.695318,17.553946,81.769532
1226.400000,-679.889985,459.660441,-683.768156,442.108175,-684.969942,442.879258,31.441667,30.793071,9.985630,820.836661,17.533228,82.083666
1226.500000,-682.544294,461.296838,-686.372215,443.737670,-687.580309,444.512701,31.438889,30.793146,9.977995,823.954857,17.523376,82.395486
1226.600000,-685.252910,462.922102,-688.979922,445.362888,-690.194130,446.141729,31.427778,30.804884,9.962685,827.113669,17.492758,82.711367
1226.700000,-687.920796,464.569631,-691.585340,446.989879,-692.805644,447.772527,31.441667,30.772730,9.954986,830.249265,17.492983,83.024927
1226.800000,-690.609048,466.206027,-694.189761,448.614959,-695.416391,449.401553,31.433333,30.773101,9.970231,833.396405,17.478584,83.339640
1226.900000,-693.283722,467.820160,-696.795025,450.235584,-698.028195,451.026247,31.444444,30.744874,9.963441,836.520394,17.451233,83.652039
1227.000000,-695.958396,469.467689,-699.395907,451.858214,-700.635722,452.653022,31.427778,30.722494,9.938503,839.661768,17.453091,83.966177
1227.100000,-698.660224,471.092953,-701.993127,453.487678,-703.239536,454.286625,31.425000,30.754351,9.966149,842.814761,17.419035,84.281476
1227.200000,-701.328110,472.718218,-704.595864,455.115195,-705.848481,455.918023,31.444444,30.786038,9.933902,845.938716,17.397710,84.593872
1227.300000,-704.023150,474.332350,-707.204350,456.741156,-708.462531,457.547452,31.452778,30.820125,9.919816,849.080159,17.362053,84.908016
1227.400000,-706.711401,475.946483,-709.816076,458.364056,-711.079565,459.173651,31.419444,30.802573,9.905504,852.215780,17.332304,85.221578
1227.500000,-709.413230,477.571747,-712.427002,459.987354,-713.695869,460.800292,31.433333,30.812392,9.924119,855.368773,17.309613,85.536877
1227.600000,-712.101481,479.185880,-715.039527,461.608745,-716.313887,462.425092,31.444444,30.812252,9.934636,858.504394,17.282024,85.850439
1227.700000,-714.789732,480.800013,-717.652396,463.225488,-718.932488,464.045382,31.430556,30.774784,9.926970,861.640015,17.259202,86.164001
1227.800000,-717.477984,482.425277,-720.256585,464.846754,-721.542935,465.670544,31.447222,30.725096,9.940095,864.781381,17.240792,86.478138
1227.900000,-720.166235,484.039410,-722.856288,466.476204,-724.149137,467.304067,31.433333,30.791360,9.987181,867.917002,17.202767,86.791700
1228.000000,-722.861275,485.653542,-725.461876,468.105249,-726.760688,468.936841,31.438889,30.807818,9.929400,871.058445,17.165475,87.105844
1228.100000,-725.556315,487.267675,-728.070164,469.731512,-729.374654,470.566644,31.438889,30.800876,9.946671,874.199888,17.131963,87.419989
1228.200000,-728.244566,488.881808,-730.680227,471.353744,-731.990388,472.192400,31.430556,30.795066,9.914570,877.335509,17.104605,87.733551
1228.300000,-730.939606,490.507072,-733.288869,472.978185,-734.604364,473.820163,31.444444,30.792210,9.880201,880.482686,17.084595,88.048269
1228.400000,-733.627857,492.110073,-735.901838,474.600074,-737.222361,475.445173,31.450000,30.834290,9.900167,883.612591,17.048148,88.361259
1228.500000,-736.329685,493.724206,-738.517245,476.218592,-739.842806,477.066809,31.452778,30.798285,9.887299,886.759860,17.023833,88.675986
1228.600000,-739.017937,495.338338,-741.132421,477.836496,-742.463261,478.687978,31.469444,30.829546,9.936834,889.895481,17.003081,88.989548
1228.700000,-741.719765,496.952471,-743.746040,479.461149,-745.082026,480.315830,31.458333,30.839996,9.907357,893.042750,16.972996,89.304275
1228.800000,-744.414805,498.566603,-746.358603,481.088264,-747.699611,481.946073,31.455556,30.834783,9.921206,896.184193,16.942018,89.618419
1228.900000,-747.116633,500.169604,-748.971253,482.711681,-750.317633,483.572827,31.450000,30.810541,9.937477,899.325767,16.902645,89.932577
1229.000000,-749.804885,501.772605,-751.585318,484.327098,-752.937342,485.191733,31.450000,30.780801,9.912975,902.455672,16.874170,90.245567
1229.100000,-752.513501,503.375605,-754.198528,485.940991,-755.556258,486.809149,31.461111,30.781371,9.918723,905.603086,16.843570,90.560309
1229.200000,-755.215330,504.967474,-756.811990,487.556726,-758.175365,488.428376,31.444444,30.803108,9.925283,908.738995,16.801893,90.873899
1229.300000,-757.917158,506.592739,-759.425814,489.173403,-760.794873,490.048567,31.488889,30.798316,9.942058,911.891987,16.792583,91.189199
1229.400000,-760.612198,508.184607,-762.039454,490.794487,-763.414367,491.673282,31.475000,30.850526,10.003124,915.022049,16.747418,91.502205
1229.500000,-763.307238,509.798740,-764.650614,492.420379,-766.031430,493.302850,31.452778,30.808250,9.961515,918.163492,16.719318,91.816349
1229.600000,-766.015855,511.412873,-767.257320,494.047179,-768.644450,494.933590,31.450000,30.794300,10.018536,921.316590,16.687608,92.131659
1229.700000,-768.724472,512.982477,-769.860395,495.676378,-771.254190,496.566961,31.486111,30.780515,9.995588,924.447127,16.609295,92.444713
1229.800000,-771.419511,514.574346,-772.461856,497.307641,-773.861951,498.202174,31.488889,30.780316,9.941706,927.577189,16.553354,92.757719
1229.900000,-774.128128,516.177347,-775.065896,498.935142,-776.471977,499.833417,31.469444,30.776772,9.936701,930.724603,16.511138,93.072460
1230.000000,-776.836745,517.802611,-777.670838,500.561659,-779.082835,501.463627,31.477778,30.783486,9.932292,933.883415,16.492644,93.388341
1230.100000,-779.545362,519.405612,-780.277788,502.186256,-781.695756,503.091945,31.475000,30.791755,9.960766,937.030829,16.454784,93.703083
1230.200000,-782.253979,521.008613,-782.884469,503.811343,-784.308689,504.720930,31.500000,30.790748,9.988362,940.178243,16.416773,94.017824
1230.300000,-784.955807,522.667273,-785.486926,505.441966,-786.917459,506.355508,31.469444,30.780438,9.961394,943.348579,16.429295,94.334858
1230.400000,-787.664424,524.281406,-788.091703,507.072765,-789.528257,507.990077,31.513889,30.825017,9.971820,946.501678,16.397600,94.650168
1230.500000,-790.373041,525.873275,-790.698949,508.700877,-792.141530,509.621953,31.513889,30.793853,9.975076,949.643437,16.347263,94.964344
1230.600000,-793.088446,527.420615,-793.306298,510.329414,-794.755078,511.254362,31.491667,30.835352,10.012161,952.768767,16.251936,95.276877
1230.700000,-795.810640,529.001352,-795.911051,511.960167,-797.366252,512.889134,31.480556,30.778635,9.998795,955.916635,16.187140,95.591663
1230.800000,-798.526045,530.593221,-798.510767,513.595520,-799.972506,514.528600,31.502778,30.801897,10.000482,959.064248,16.129610,95.906425
1230.900000,-801.255028,532.151694,-801.114892,515.230392,-802.582668,516.167262,31.516667,30.836273,9.969108,962.206888,16.039473,96.220689
1231.000000,-803.970433,533.732431,-803.722804,516.861648,-805.196301,517.802097,31.516667,30.820070,9.962958,965.348886,15.977430,96.534889
1231.100000,-806.692627,535.302035,-806.332728,518.486800,-807.812028,519.430862,31.500000,30.807531,9.953109,968.491178,15.910601,96.849118
1231.200000,-809.421609,536.893904,-808.942330,520.107843,-810.427536,521.055574,31.516667,30.773562,9.933908,971.650512,15.870242,97.165051
1231.300000,-812.143803,538.463509,-811.548532,521.729313,-813.039726,522.680769,31.502778,30.756236,9.915884,974.792804,15.808148,97.479280
1231.400000,-814.872786,540.033114,-814.154676,523.350518,-815.651950,524.305756,31.511111,30.771966,9.948528,977.940979,15.746647,97.794098
1231.500000,-817.601768,541.602719,-816.759640,524.973001,-818.263189,525.932148,31.516667,30.754351,9.948081,981.089154,15.684523,98.108915
1231.600000,-820.337539,543.172323,-819.363244,526.596007,-820.873245,527.559175,31.516667,30.758606,9.965824,984.243215,15.622336,98.424321
1231.700000,-823.059733,544.741928,-821.970375,528.214119,-823.486818,529.181286,31.530556,30.762145,9.952854,987.385507,15.566502,98.738551
1231.800000,-825.788715,546.300401,-824.578637,529.827251,-826.101485,530.798379,31.530556,30.724358,9.924157,990.528146,15.505177,99.052815
1231.900000,-828.524486,547.870006,-827.185152,531.442438,-828.714266,532.417449,31.488889,30.750879,9.918200,993.682207,15.453722,99.368221
1232.000000,-831.260257,549.428479,-829.793332,533.059250,-831.328579,534.038063,31.494444,30.766665,9.943624,996.830744,15.390567,99.683074
1232.100000,-833.996028,550.975820,-832.405585,534.676446,-833.946814,535.658962,31.500000,30.820568,9.961357,999.973785,15.316937,99.997378
1232.200000,-836.731799,552.534293,-835.019811,536.299413,-836.566749,537.285474,31.502778,30.854707,9.985485,1003.122321,15.249712,100.312232
1232.300000,-839.467570,554.092765,-837.635515,537.921613,-839.188056,538.911148,31.500000,30.835061,9.957204,1006.270857,15.184190,100.627086
1232.400000,-842.210129,555.640106,-840.249789,539.542110,-841.807939,540.535123,31.508333,30.812596,9.944347,1009.419809,15.110337,100.941981
1232.500000,-844.945900,557.187447,-842.863834,541.159455,-844.427781,542.156054,31.550000,30.802295,9.956246,1012.562849,15.040320,101.256285
1232.600000,-847.681671,558.734788,-845.476012,542.774788,-847.046151,543.775217,31.527778,30.768964,9.968861,1015.705890,14.973065,101.570589
1232.700000,-850.424231,560.282129,-848.090179,544.386803,-849.666952,545.391322,31.508333,30.811533,10.040623,1018.854842,14.910051,101.885484
1232.800000,-853.166790,561.840602,-850.708313,545.994392,-852.291789,547.003027,31.497222,30.791591,10.002048,1022.009279,14.863353,102.200928
1232.900000,-855.902561,563.387943,-853.328287,547.598202,-854.918422,548.610913,31.500000,30.802240,10.022891,1025.152320,14.809765,102.515232
1233.000000,-858.651909,564.935284,-855.946261,549.203052,-857.543164,550.219913,31.527778,30.770967,10.000576,1028.307185,14.757082,102.830719
1233.100000,-861.387680,566.471493,-858.561469,550.808837,-860.165566,551.830114,31.488889,30.774923,10.069372,1031.444761,14.692295,103.144476
1233.200000,-864.137028,568.018834,-861.175024,552.414786,-862.786775,553.440766,31.502778,30.755347,10.064442,1034.599627,14.640466,103.459963
1233.300000,-866.879587,569.566175,-863.787388,554.017152,-865.407105,555.048019,31.516667,30.724382,10.071918,1037.748578,14.592637,103.774858
1233.400000,-869.622147,571.113516,-866.400636,555.618001,-868.028427,556.653813,31.530556,30.757004,10.084001,1040.897530,14.547266,104.089753
1233.500000,-872.357917,572.649725,-869.015654,557.221633,-870.651345,558.262290,31.511111,30.779634,10.097695,1044.035105,14.488294,104.403511
1233.600000,-875.107265,574.197065,-871.633872,558.824221,-873.277390,559.869669,31.519444,30.798865,10.112774,1047.189971,14.443779,104.718997
1233.700000,-877.856613,575.744406,-874.255881,560.424895,-875.907172,561.475088,31.527778,30.822968,10.130701,1050.344837,14.401867,105.034484
1233.800000,-880.599173,577.280615,-876.874900,562.032455,-878.533813,563.087327,31.522222,30.816484,10.106322,1053.488333,14.342774,105.348833
1233.900000,-883.341732,578.827956,-879.488324,563.648437,-881.155123,564.708185,31.513889,30.822629,10.178625,1056.637285,14.288079,105.663728
1234.000000,-886.091080,580.375297,-882.106378,565.259878,-883.781167,566.324543,31.550000,30.849785,10.155647,1059.792151,14.239361,105.979215
1234.100000,-888.840428,581.922638,-884.728268,566.868498,-886.410413,567.937677,31.536111,30.843456,10.089520,1062.947017,14.194510,106.294702
1234.200000,-891.582987,583.458847,-887.351560,568.476459,-889.040640,569.549889,31.530556,30.856851,10.089757,1066.090513,14.139401,106.609051
1234.300000,-894.332335,585.017320,-889.975675,570.085433,-891.671536,571.163020,31.530556,30.864467,10.083934,1069.250853,14.107497,106.925085
1234.400000,-897.081683,586.553529,-892.599148,571.695706,-894.301682,572.777389,31.536111,30.857021,10.071874,1072.400274,14.053841,107.240027
1234.500000,-899.831031,588.089738,-895.222389,573.304086,-896.931614,574.389871,31.519444,30.841089,10.063316,1075.549695,14.003320,107.554970
1234.600000,-902.580379,589.637079,-897.842605,574.910229,-899.558746,576.000254,31.530556,30.787327,10.040775,1078.704561,13.967579,107.870456
1234.700000,-905.329727,591.173288,-900.453607,576.514399,-902.177270,577.609046,31.544444,30.677740,10.005266,1081.853982,13.925754,108.185398
1234.800000,-908.079075,592.709497,-903.058624,578.117979,-904.790336,579.217581,31.552778,30.691611,10.036143,1085.003403,13.886958,108.500340
1234.900000,-910.828423,594.245706,-905.663624,579.719808,-907.403476,580.824415,31.527778,30.661201,10.004185,1088.152824,13.851401,108.815282
1235.000000,-913.577771,595.770783,-908.271596,581.311968,-910.019800,582.421674,31.569444,30.645857,10.023964,1091.296830,13.815132,109.129683
1235.100000,-916.327119,597.306992,-910.877918,582.901035,-912.634568,584.015890,31.527778,30.602934,9.961536,1094.446251,13.794503,109.444625
1235.200000,-919.083255,598.843201,-913.478724,584.493967,-915.243751,585.613953,31.519444,30.590665,9.958820,1097.601600,13.775151,109.760160
1235.300000,-921.839392,600.357146,-916.079347,586.087719,-917.852751,587.212838,31.544444,30.608391,9.967033,1100.746169,13.735579,110.074617
1235.400000,-924.595528,601.893355,-918.681273,587.678961,-920.463128,588.809248,31.566667,30.588322,9.968548,1103.901518,13.721173,110.390152
1235.500000,-927.344876,603.418432,-921.282815,589.266220,-923.073301,590.401775,31.572222,30.564421,9.953227,1107.045524,13.699625,110.704552
1235.600000,-930.107801,604.932377,-923.882569,590.855962,-925.681710,591.996808,31.530556,30.584345,9.969213,1110.196045,13.671840,111.019605
1235.700000,-932.863938,606.468586,-926.481672,592.454864,-928.289128,593.600825,31.533333,30.641472,9.974465,1113.351394,13.656798,111.335139
1235.800000,-935.620074,607.993663,-929.088679,594.049762,-930.904012,595.200543,31.544444,30.666644,9.973919,1116.501338,13.634704,111.650134
1235.900000,-938.376210,609.485344,-931.697153,595.644643,-933.520213,596.800148,31.541667,30.662773,9.969837,1119.635250,13.582890,111.963525
1236.000000,-941.139135,611.010421,-934.301863,597.245419,-936.132415,598.405529,31.538889,30.658839,9.927573,1122.791135,13.562837,112.279114
1236.100000,-943.902060,612.513234,-936.905137,598.849320,-938.742992,600.013928,31.552778,30.666722,9.941911,1125.936322,13.522153,112.593632
1236.200000,-946.664985,614.016047,-939.509271,600.452036,-941.354382,601.621111,31.547222,30.659919,9.920259,1129.081509,13.484693,112.908151
1236.300000,-949.427910,615.541124,-942.117507,602.050297,-943.969599,603.223649,31.533333,30.683343,9.909838,1132.237395,13.472689,113.223740
1236.400000,-952.197624,617.043937,-944.724574,603.648320,-946.583503,604.825862,31.522222,30.634120,9.869516,1135.388547,13.446178,113.538855
1236.500000,-954.960549,618.569014,-947.328046,605.245980,-949.194008,606.427839,31.555556,30.622933,9.883827,1138.544433,13.441024,113.854443
1236.600000,-957.730262,620.027300,-949.929429,606.843536,-951.802513,608.029769,31.552778,30.599536,9.850363,1141.674594,13.382039,114.167459
1236.700000,-960.499976,621.541245,-952.530485,608.437465,-954.410660,609.628043,31.538889,30.578597,9.833509,1144.831070,13.379243,114.483107
1236.800000,-963.269689,623.044058,-955.132203,610.030633,-957.019516,611.225582,31.575000,30.603962,9.862642,1147.982222,13.369407,114.798222
1236.900000,-966.039403,624.535739,-957.732030,611.625602,-959.626634,612.825024,31.544444,30.568831,9.850517,1151.128081,13.351571,115.112808
1237.000000,-968.809116,626.027420,-960.327515,613.219509,-962.229927,614.423726,31.527778,30.531024,9.879193,1154.273939,13.339095,115.427394
1237.100000,-971.592407,627.530233,-962.922923,614.815230,-964.833323,616.024358,31.533333,30.590807,9.903842,1157.437032,13.344301,115.743703
1237.200000,-974.362120,629.010783,-965.520868,616.417133,-967.438855,617.630939,31.538889,30.629783,9.909985,1160.577627,13.320377,116.057763
1237.300000,-977.138622,630.513596,-968.122207,618.015416,-970.047744,619.233861,31.530556,30.609609,9.915062,1163.734748,13.323400,116.373475
1237.400000,-979.915124,631.983013,-970.724637,619.610437,-972.657995,620.833675,31.513889,30.620497,9.946289,1166.876109,13.303145,116.687611
1237.500000,-982.698415,633.474694,-973.322965,621.213478,-975.264229,622.441594,31.544444,30.626084,9.948685,1170.033928,13.304000,117.003393
1237.600000,-985.474917,634.955244,-975.919253,622.820739,-977.868495,624.053794,31.550000,30.632033,9.971681,1173.180511,13.292827,117.318051
1237.700000,-988.244630,636.435793,-978.516641,624.432508,-980.473756,625.670449,31.538889,30.689931,9.995173,1176.321107,13.277015,117.632111
1237.800000,-991.027921,637.927474,-981.117516,626.046066,-983.082277,627.288750,31.516667,30.704788,10.005037,1179.478925,13.278393,117.947893
1237.900000,-993.804423,639.408023,-983.723595,627.654879,-985.696085,628.902334,31.511111,30.730209,10.048092,1182.625509,13.270819,118.262551
1238.000000,-996.587713,640.877440,-986.332699,629.260350,-988.313267,630.512776,31.508333,30.729258,10.088480,1185.772872,13.262456,118.577287
1238.100000,-999.364215,642.346858,-988.935540,630.870731,-990.925063,632.128698,31.511111,30.696083,10.167369,1188.914233,13.252550,118.891423
1238.200000,-1002.147506,643.827407,-991.534775,632.488341,-993.533955,633.752317,31.525000,30.761089,10.243917,1192.066809,13.255213,119.206681
1238.300000,-1004.930796,645.296824,-994.142889,634.106695,-996.151570,635.376566,31.508333,30.850885,10.293845,1195.214172,13.247126,119.521417
1238.400000,-1007.714087,646.766242,-996.759890,635.721762,-998.778100,636.997515,31.516667,30.878005,10.363472,1198.361534,13.239330,119.836153
1238.500000,-1010.490589,648.235659,-999.380860,637.334358,-1001.409395,638.616463,31.538889,30.910994,10.489359,1201.502896,13.228644,120.150290
1238.600000,-1013.267091,649.705076,-1001.999159,638.951029,-1004.039006,640.240119,31.500000,30.898771,10.556303,1204.644257,13.219037,120.464426
1238.700000,-1016.057170,651.174493,-1004.611880,640.574126,-1006.663967,641.870820,31.480556,30.906090,10.647850,1207.797625,13.220840,120.779762
1238.800000,-1018.840460,652.643911,-1007.223459,642.201228,-1009.288573,643.506038,31.488889,30.940478,10.735746,1210.944988,13.218898,121.094499
1238.900000,-1021.616962,654.113328,-1009.840021,643.822735,-1011.918898,645.136074,31.502778,30.948549,10.814006,1214.086349,13.215276,121.408635
1239.000000,-1024.393464,655.582745,-1012.457898,645.442596,-1014.551709,646.765176,31.505556,30.972908,10.969111,1217.227710,13.213995,121.722771
1239.100000,-1027.183543,657.052162,-1015.075837,647.064613,-1017.185684,648.397129,31.488889,30.998358,11.055026,1220.381078,13.223721,122.038108
1239.200000,-1029.960045,658.543844,-1017.695489,648.689013,-1019.822048,650.031891,31.488889,31.043111,11.156395,1223.532915,13.237535,122.353291
1239.300000,-1032.743336,660.002129,-1020.315579,650.314383,-1022.459612,651.668102,31.516667,31.034048,11.222694,1226.675096,13.236728,122.667510
1239.400000,-1035.533415,661.438150,-1022.933644,651.942901,-1025.095835,653.307914,31.519444,31.058316,11.291870,1229.813041,13.230412,122.981304
1239.500000,-1038.309917,662.918700,-1025.551482,653.571124,-1027.732491,654.947842,31.494444,31.042628,11.345345,1232.959624,13.244489,123.295962
1239.600000,-1041.099996,664.376985,-1028.168324,655.197462,-1030.368959,656.586377,31.469444,31.040421,11.412784,1236.107820,13.260796,123.610782
1239.700000,-1043.883286,665.835270,-1030.783943,656.821227,-1033.004775,658.222680,31.480556,31.007985,11.408082,1239.250001,13.277557,123.925000
1239.800000,-1046.673365,667.293556,-1033.400193,658.444828,-1035.641488,659.858980,31.497222,31.055643,11.473814,1242.398197,13.303203,124.239820
1239.900000,-1049.456656,668.762973,-1036.017162,660.069909,-1038.279272,661.496987,31.491667,31.044179,11.505457,1245.545560,13.331484,124.554556
1240.000000,-1052.246735,670.198994,-1038.629119,661.696647,-1040.912816,663.137170,31.486111,31.006627,11.561364,1248.683505,13.353916,124.868351
1240.100000,-1055.036814,671.646148,-1041.239377,663.322422,-1043.544991,664.776594,31.488889,31.012892,11.530908,1251.826560,13.388531,125.182656
1240.200000,-1057.826893,673.093301,-1043.845490,664.948225,-1046.172820,666.415945,31.472222,30.932102,11.453960,1254.969615,13.431475,125.496961
1240.300000,-1060.616972,674.529323,-1046.446427,666.572723,-1048.795763,668.054187,31.488889,30.918265,11.487764,1258.107560,13.478440,125.810756
1240.400000,-1063.407051,675.976476,-1049.043721,668.195928,-1051.415600,669.691481,31.458333,30.869368,11.484736,1261.250615,13.538687,126.125061
1240.500000,-1066.197130,677.423629,-1051.634182,669.815865,-1054.029217,671.325899,31.447222,30.782287,11.458489,1264.393669,13.610305,126.439367
1240.600000,-1068.987209,678.870783,-1054.220221,671.440411,-1056.638354,672.964954,31.447222,30.842688,11.452997,1267.536724,13.688427,126.753672
1240.700000,-1071.777288,680.317936,-1056.809208,673.071653,-1059.249415,674.610105,31.455556,30.879791,11.382107,1270.679779,13.766878,127.067978
1240.800000,-1074.567367,681.753957,-1059.397971,674.702767,-1061.859439,676.254615,31.452778,30.818307,11.287543,1273.817724,13.846812,127.381772
1240.900000,-1077.357446,683.178847,-1061.987249,676.330406,-1064.469499,677.895318,31.408333,30.839861,11.256810,1276.950590,13.928921,127.695059
1241.000000,-1080.154313,684.614868,-1064.579906,677.954941,-1067.082079,679.532336,31.433333,30.821792,11.139003,1280.094573,14.025529,128.009457
1241.100000,-1082.944392,686.050890,-1067.172496,679.580396,-1069.693754,681.169756,31.427778,30.828804,11.101285,1283.232518,14.121080,128.323252
1241.200000,-1085.741260,687.475779,-1069.761604,681.212499,-1072.301347,682.813512,31.427778,30.820124,11.038449,1286.371431,14.225611,128.637143
1241.300000,-1088.531339,688.900669,-1072.350306,682.845864,-1074.907927,684.458158,31.422222,30.821157,10.989205,1289.504297,14.329454,128.950430
1241.400000,-1091.334995,690.325558,-1074.939266,684.476924,-1077.514102,686.100063,31.419444,30.784050,10.886147,1292.649261,14.452401,129.264926
1241.500000,-1094.138651,691.750448,-1077.523489,686.109897,-1080.114976,687.743558,31.408333,30.748454,10.821196,1295.794225,14.584876,129.579423
1241.600000,-1096.942307,693.175337,-1080.108900,687.736744,-1082.716621,689.380620,31.413889,30.728449,10.754666,1298.939189,14.723112,129.893919
1241.700000,-1099.739175,694.566831,-1082.696112,689.361832,-1085.319435,691.015508,31.436111,30.745121,10.707165,1302.063084,14.850616,130.206308
1241.800000,-1102.549619,695.980588,-1085.279169,690.991609,-1087.917259,692.654602,31.408333,30.688820,10.573727,1305.209083,15.005604,130.520908
1241.900000,-1105.346487,697.360950,-1087.855732,692.624232,-1090.508080,694.296260,31.397222,30.654134,10.530764,1308.328036,15.151588,130.832804
1242.000000,-1108.163720,698.763576,-1090.430200,694.256988,-1093.096353,695.937771,31.394444,30.644191,10.451023,1311.475124,15.330059,131.147512
1242.100000,-1110.967376,700.155069,-1093.005977,695.884441,-1095.685212,697.573489,31.411111,30.602077,10.350688,1314.605098,15.498681,131.460510
1242.200000,-1113.777820,701.546563,-1095.580903,697.510806,-1098.272596,699.207724,31.422222,30.603423,10.302090,1317.741155,15.680630,131.774116
1242.300000,-1116.588265,702.926925,-1098.155680,699.139555,-1100.859125,700.843906,31.416667,30.608425,10.235188,1320.872289,15.866468,132.087229
1242.400000,-1119.398709,704.329550,-1100.727065,700.773597,-1103.441644,702.485024,31.405556,30.588531,10.182570,1324.013301,16.063319,132.401330
1242.500000,-1122.209154,705.721044,-1103.296970,702.408819,-1106.022371,704.127132,31.383333,30.588820,10.161872,1327.149358,16.265070,132.714936
1242.600000,-1125.019599,707.101406,-1105.867438,704.043723,-1108.603175,705.768609,31.380556,30.583057,10.092611,1330.280491,16.470438,133.028049
1242.700000,-1127.836832,708.492899,-1108.438714,705.676191,-1111.184189,707.407260,31.391667,30.562041,10.030090,1333.422633,16.687994,133.342263
1242.800000,-1130.647276,709.895525,-1111.010255,707.306837,-1113.765033,709.043805,31.427778,30.557650,9.991393,1336.563645,16.903714,133.656365
1242.900000,-1133.450932,711.275886,-1113.579844,708.939469,-1116.343621,710.682155,31.400000,30.543269,9.959234,1339.688687,17.117611,133.968869
1243.000000,-1136.261377,712.656248,-1116.150360,710.573881,-1118.922863,712.322115,31.372222,30.585952,9.972301,1342.819821,17.341733,134.281982
1243.100000,-1139.071821,714.047742,-1118.721371,712.210639,-1121.502250,713.964205,31.383333,30.568609,9.924685,1345.955878,17.569770,134.595588
1243.200000,-1141.875477,715.428103,-1121.292929,713.850681,-1124.081835,715.609367,31.386111,30.622288,9.948411,1349.080919,17.794566,134.908092
1243.300000,-1144.679133,716.841861,-1123.869252,715.486673,-1126.665920,717.250288,31.380556,30.599001,9.907406,1352.220855,18.017843,135.222086
1243.400000,-1147.476001,718.211091,-1126.446008,717.124846,-1129.250146,718.893210,31.352778,30.646140,9.921878,1355.334897,18.238615,135.533490
1243.500000,-1150.279657,719.602584,-1129.022638,718.763964,-1131.834046,720.536953,31.347222,30.602315,9.876340,1358.464872,18.469261,135.846487
1243.600000,-1153.090102,720.994078,-1131.594808,720.400031,-1134.413851,722.177876,31.336111,30.546752,9.885746,1361.600929,18.713730,136.160093
1243.700000,-1155.893758,722.385572,-1134.162483,722.035512,-1136.989476,723.818421,31.341667,30.527731,9.857215,1364.730904,18.958505,136.473090
1243.800000,-1158.697414,723.765933,-1136.726850,723.672244,-1139.561883,725.460285,31.355556,30.506669,9.861977,1367.855945,19.210397,136.785595
1243.900000,-1161.501070,725.157427,-1139.287130,725.305819,-1142.130802,727.099372,31.350000,30.439039,9.872664,1370.985920,19.467369,137.098592
1244.000000,-1164.304726,726.537789,-1141.841809,726.935041,-1144.694890,728.734594,31.347222,30.383668,9.872717,1374.110962,19.732501,137.411096
1244.100000,-1167.108382,727.918150,-1144.392993,728.560523,-1147.255845,730.366302,31.341667,30.348390,9.844469,1377.236003,20.002916,137.723600
1244.200000,-1169.918826,729.298512,-1146.943136,730.183332,-1149.815850,731.995386,31.344444,30.339468,9.843760,1380.367137,20.283067,138.036714
1244.300000,-1172.729271,730.678874,-1149.487649,731.807807,-1152.370510,733.626339,31.327778,30.278334,9.825636,1383.498270,20.571016,138.349827
1244.400000,-1175.532927,732.048103,-1152.029390,733.431107,-1154.922828,735.256394,31.305556,30.290330,9.869647,1386.618411,20.858315,138.661841
1244.500000,-1178.343371,733.428465,-1154.569082,735.056353,-1157.473296,736.888537,31.308333,30.269664,9.852931,1389.749545,21.154955,138.974954
1244.600000,-1181.160605,734.797695,-1157.106779,736.686702,-1160.021549,738.525667,31.313889,30.306850,9.849563,1392.881891,21.465261,139.288189
1244.700000,-1183.971049,736.122397,-1159.645377,738.311103,-1162.570937,740.156973,31.305556,30.225920,9.848083,1395.988888,21.777112,139.598889
1244.800000,-1186.788282,737.458231,-1162.183136,739.924875,-1165.120141,741.778023,31.288889,30.193415,9.846316,1399.106781,22.094546,139.910678
1244.900000,-1189.598727,738.794065,-1164.716049,741.540217,-1167.664610,743.400734,31.297222,30.163902,9.807189,1402.218541,22.412650,140.221854
1245.000000,-1192.409171,740.152162,-1167.244249,743.157086,-1170.204456,745.025051,31.283333,30.132788,9.802886,1405.339923,22.733113,140.533992
1245.100000,-1195.226404,741.521392,-1169.772615,744.767434,-1172.745045,746.643184,31.288889,30.109861,9.851139,1408.472270,23.057413,140.847227
1245.200000,-1198.043637,742.879490,-1172.299375,746.371479,-1175.284572,748.255334,31.280556,30.050685,9.813367,1411.599766,23.385353,141.159977
1245.300000,-1200.854082,744.204192,-1174.826547,747.972649,-1177.824466,749.864564,31.277778,30.084763,9.816778,1414.706763,23.715038,141.470676
1245.400000,-1203.671315,745.551158,-1177.353743,749.571529,-1180.364322,751.471454,31.227778,30.025014,9.776185,1417.829441,24.047159,141.782944
1245.500000,-1206.488548,746.886992,-1179.873405,751.172110,-1182.897044,753.080331,31.227778,29.985540,9.789656,1420.947334,24.390911,142.094733
1245.600000,-1209.298993,748.233957,-1182.391053,752.770362,-1185.428203,754.687160,31.208333,29.976676,9.805675,1424.063889,24.727685,142.406389
1245.700000,-1212.116226,749.592055,-1184.906096,754.370213,-1187.956946,756.295725,31.202778,29.963361,9.801620,1427.191385,25.072096,142.719139
1245.800000,-1214.926670,750.905625,-1187.422792,755.968180,-1190.487362,757.902404,31.219444,29.984703,9.816175,1430.293653,25.421146,143.029365
1245.900000,-1217.737115,752.263723,-1189.940066,757.569773,-1193.018135,759.512586,31.216667,30.006941,9.807831,1433.415035,25.759930,143.341504
1246.000000,-1220.547559,753.599557,-1192.459565,759.177817,-1195.550762,761.129008,31.194444,30.083063,9.852406,1436.526795,26.106178,143.652680
1246.100000,-1223.364792,754.935391,-1194.987026,760.779839,-1198.091254,762.739290,31.205556,30.073757,9.853067,1439.644688,26.450947,143.964469
1246.200000,-1226.175237,756.271225,-1197.519408,762.372978,-1200.636965,764.340815,31.169444,30.077807,9.894098,1442.756448,26.782861,144.275645
1246.300000,-1228.985682,757.595927,-1200.050252,763.966621,-1203.181279,765.942939,31.155556,30.056489,9.860701,1445.863446,27.120838,144.586345
1246.400000,-1231.802915,758.920628,-1202.575930,765.567792,-1205.720472,767.552678,31.175000,30.072578,9.901384,1448.976585,27.473735,144.897659
1246.500000,-1234.613359,760.245330,-1205.101010,767.171503,-1208.259169,769.165038,31.200000,30.076192,9.899156,1452.083583,27.822734,145.208358
1246.600000,-1237.430592,761.570032,-1207.625232,768.782085,-1210.796652,770.784082,31.183333,30.123883,9.894098,1455.196722,28.182716,145.519672
1246.700000,-1240.247825,762.883602,-1210.147879,770.396574,-1213.332301,772.406891,31.147222,30.085851,9.865656,1458.305141,28.550630,145.830514
1246.800000,-1243.065058,764.208304,-1212.670533,772.004538,-1215.868366,774.023403,31.133333,30.063078,9.901648,1461.418280,28.913600,146.141828
1246.900000,-1245.882292,765.521874,-1215.197693,773.599379,-1218.409342,775.626964,31.150000,30.030084,9.873816,1464.526699,29.272441,146.452670
1247.000000,-1248.699525,766.835444,-1217.715956,775.201483,-1220.941562,777.237947,31.133333,29.994591,9.862948,1467.635118,29.643153,146.763512
1247.100000,-1251.516758,768.149014,-1220.227696,776.814384,-1223.467189,778.859765,31.163889,30.035671,9.873587,1470.743537,30.024965,147.074354
1247.200000,-1254.340779,769.462584,-1222.739657,778.431931,-1225.993207,780.486365,31.152778,30.052918,9.953173,1473.858110,30.415597,147.385811
1247.300000,-1257.158012,770.765022,-1225.255073,780.047526,-1228.522932,782.111150,31.108333,30.078381,9.958361,1476.961841,30.801013,147.696184
1247.400000,-1259.982034,772.078592,-1227.775266,781.660368,-1231.056935,783.732830,31.125000,30.091442,9.902174,1480.076414,31.184653,148.007641
1247.500000,-1262.806055,773.392162,-1230.300669,783.270328,-1233.595438,785.351141,31.138889,30.117953,9.871626,1483.190987,31.563861,148.319099
1247.600000,-1265.630077,774.650073,-1232.827872,784.879678,-1236.135232,786.968509,31.136111,30.103089,9.824715,1486.282497,31.963882,148.628250
1247.700000,-1268.454099,775.985906,-1235.354253,786.485152,-1238.674146,788.581948,31.113889,30.060904,9.803099,1489.406525,32.334283,148.940653
1247.800000,-1271.271332,777.266081,-1237.876213,788.092703,-1241.208856,790.197626,31.150000,30.056211,9.817486,1492.500980,32.725790,149.250098
1247.900000,-1274.095353,778.557387,-1240.396278,789.708126,-1243.741377,791.821033,31.119444,30.107286,9.802023,1495.606228,33.125340,149.560623
1248.000000,-1276.926163,779.859825,-1242.918213,791.331154,-1246.274999,793.451583,31.108333,30.151944,9.781674,1498.722288,33.529535,149.872229
1248.100000,-1279.750185,781.151131,-1245.440617,792.955280,-1248.808717,795.082994,31.127778,30.118201,9.748017,1501.827537,33.933335,150.182754
1248.200000,-1282.574207,782.442437,-1247.968311,794.578288,-1251.347337,796.713017,31.108333,30.219402,9.779768,1504.932786,34.333174,150.493279
1248.300000,-1285.398228,783.733743,-1250.503736,796.199959,-1253.893006,798.341240,31.102778,30.217476,9.726524,1508.038034,34.726906,150.803803
1248.400000,-1288.229038,785.013917,-1253.039601,797.821778,-1256.438884,799.969463,31.088889,30.222928,9.743219,1511.144855,35.132353,151.114485
1248.500000,-1291.053060,786.305223,-1255.569300,799.447531,-1258.979025,801.601927,31.088889,30.166668,9.752872,1514.250103,35.534952,151.425010
1248.600000,-1293.877081,787.563133,-1258.089833,801.076054,-1261.510724,803.237664,31.091667,30.116439,9.765763,1517.341614,35.962091,151.734161
1248.700000,-1296.707892,788.843308,-1260.609964,802.700340,-1264.042356,804.869363,31.066667,30.121768,9.765383,1520.448434,36.385047,152.044843
1248.800000,-1299.538702,790.112350,-1263.131534,804.324281,-1266.575226,806.500581,31.072222,30.132032,9.745577,1523.550684,36.812564,152.355068
1248.900000,-1302.369512,791.392524,-1265.658470,805.945980,-1269.113768,808.129729,31.061111,30.194809,9.889769,1526.657504,37.230075,152.665750
1249.000000,-1305.193533,792.650434,-1268.189495,807.560068,-1271.656750,809.751441,31.047222,30.126682,9.797503,1529.749014,37.645189,152.974901
1249.100000,-1308.024343,793.919476,-1270.717706,809.172334,-1274.196688,811.371186,31.038889,30.122332,9.777462,1532.851264,38.064057,153.285126
1249.200000,-1310.855153,795.177387,-1273.243237,810.788171,-1276.733908,812.994502,31.047222,30.119309,9.785372,1535.948977,38.492973,153.594898
1249.300000,-1313.679175,796.446429,-1275.767719,812.401038,-1279.270483,814.615094,31.005556,30.082129,9.806647,1539.045033,38.910905,153.904503
1249.400000,-1316.509985,797.704339,-1278.293325,814.013940,-1281.808184,816.235721,31.013889,30.138656,9.804989,1542.142746,39.339892,154.214275
1249.500000,-1319.340795,798.951117,-1280.819322,815.629708,-1284.345926,817.859002,31.022222,30.111416,9.775953,1545.235955,39.776236,154.523595
1249.600000,-1322.171605,800.197896,-1283.344453,817.249166,-1286.882740,819.485952,30.991667,30.162597,9.819507,1548.329164,40.216081,154.832916
1249.700000,-1324.995627,801.466938,-1285.870352,818.867328,-1289.420608,821.111783,30.952778,30.117088,9.831097,1551.425220,40.638675,155.142522
1249.800000,-1327.826437,802.702584,-1288.395814,820.484429,-1291.958261,822.736689,30.955556,30.148985,9.843953,1554.513959,41.083956,155.451396
1249.900000,-1330.657247,803.938231,-1290.924651,822.105380,-1294.498858,824.365178,30.947222,30.205341,9.845074,1557.602698,41.529379,155.760270
1250.000000,-1333.488057,805.173877,-1293.453622,823.728497,-1297.039419,825.995734,30.922222,30.170690,9.836784,1560.691437,41.976814,156.069144
1250.100000,-1336.312079,806.454051,-1295.981139,825.354166,-1299.578448,827.628808,30.938889,30.206789,9.834143,1563.792073,42.399646,156.379207
1250.200000,-1339.136100,807.700829,-1298.512114,826.979441,-1302.120354,829.261102,30.933333,30.210657,9.774491,1566.879071,42.837026,156.687907
1250.300000,-1341.960122,808.914212,-1301.047795,828.603338,-1304.666374,830.891620,30.908333,30.256880,9.779760,1569.952732,43.287759,156.995273
1250.400000,-1344.777355,810.194386,-1303.586922,830.223450,-1307.216003,832.518433,30.911111,30.231547,9.821649,1573.047186,43.694602,157.304719
1250.500000,-1347.601377,811.430032,-1306.119284,831.848155,-1309.759560,834.150321,30.888889,30.209318,9.856091,1576.129705,44.138584,157.612970
1250.600000,-1350.418610,812.676811,-1308.650159,833.474636,-1312.301820,835.784118,30.877778,30.230322,9.854320,1579.210493,44.573953,157.921049
1250.700000,-1353.235843,813.923589,-1311.186582,835.097036,-1314.849154,837.413498,30.869444,30.247083,9.808694,1582.291282,45.003485,158.229128
1250.800000,-1356.059864,815.159235,-1313.722794,836.719372,-1317.395838,839.042532,30.847222,30.215637,9.763226,1585.373800,45.445778,158.537380
1250.900000,-1358.883886,816.394882,-1316.254798,838.343031,-1319.938501,840.673026,30.836111,30.195111,9.790631,1588.456319,45.893042,158.845632
1251.000000,-1361.694330,817.630528,-1318.784542,839.961540,-1322.479555,842.298771,30.869444,30.137314,9.797005,1591.526404,46.328402,159.152640
1251.100000,-1364.504775,818.899570,-1321.312022,841.576542,-1325.018735,843.921248,30.863889,30.128325,9.790855,1594.610081,46.746462,159.461008
1251.200000,-1367.322008,820.124085,-1323.838023,843.192662,-1327.556420,845.544844,30.830556,30.124157,9.781887,1597.681927,47.196579,159.768193
1251.300000,-1370.132453,821.359731,-1326.363117,844.811606,-1330.093184,847.171270,30.830556,30.143360,9.804804,1600.752012,47.637996,160.075201
1251.400000,-1372.942897,822.606509,-1328.887060,846.435456,-1332.628842,848.802657,30.802778,30.159160,9.826675,1603.826594,48.077659,160.382659
1251.500000,-1375.753342,823.875551,-1331.413689,848.055870,-1335.167211,850.430601,30.750000,30.151769,9.815777,1606.910271,48.501594,160.691027
1251.600000,-1378.570575,825.122330,-1333.939964,849.672834,-1337.705261,852.055101,30.761111,30.116626,9.789059,1609.991060,48.942293,160.999106
1251.700000,-1381.387808,826.357976,-1336.465707,851.288228,-1340.242677,853.677961,30.811111,30.123399,9.769059,1613.067360,49.389305,161.306736
1251.800000,-1384.191464,827.615886,-1338.989662,852.904509,-1342.778467,855.301821,30.819444,30.100027,9.801541,1616.140278,49.815132,161.614028
1251.900000,-1387.001909,828.862665,-1341.509722,854.518838,-1345.311082,856.924192,30.777778,30.053866,9.825127,1619.214860,50.255093,161.921486
1252.000000,-1389.805565,830.098311,-1344.028949,856.131361,-1347.843205,858.544970,30.772222,30.074563,9.835076,1622.278732,50.695681,162.227873
1252.100000,-1392.622798,831.333957,-1346.550774,857.748515,-1350.377388,860.170049,30.736111,30.134958,9.813525,1625.355032,51.148752,162.535503
1252.200000,-1395.440031,832.569604,-1349.076062,859.369287,-1352.914467,861.798389,30.727778,30.158512,9.820681,1628.431333,51.601797,162.843133
1252.300000,-1398.243687,833.782986,-1351.601785,860.990366,-1355.452176,863.427160,30.730556,30.150241,9.863000,1631.486293,52.056608,163.148629
1252.400000,-1401.054131,835.018632,-1354.127799,862.609440,-1357.990524,865.054141,30.738889,30.149931,9.871811,1634.556378,52.503391,163.455638
1252.500000,-1403.871364,836.254279,-1356.653249,864.229411,-1360.528168,866.681933,30.744444,30.147155,9.835963,1637.632678,52.957293,163.763268
1252.600000,-1406.688597,837.445397,-1359.174500,865.854913,-1363.061434,868.315181,30.750000,30.135296,9.829074,1640.691365,53.444110,164.069137
1252.700000,-1409.499042,838.658780,-1361.689983,867.487205,-1365.589383,869.955563,30.730556,30.135363,9.907251,1643.752557,53.921672,164.375256
1252.800000,-1412.309487,839.883294,-1364.199102,869.128684,-1368.111419,871.605492,30.688889,30.140443,9.918255,1646.818179,54.403741,164.681818
1252.900000,-1415.119931,841.096677,-1366.711597,870.764088,-1370.636942,873.249376,30.713889,30.127675,9.915620,1649.879370,54.886541,164.987937
1253.000000,-1417.937164,842.310059,-1369.227067,872.397766,-1373.165189,874.891352,30.694444,30.165353,9.897912,1652.946796,55.372108,165.294680
1253.100000,-1420.747609,843.523441,-1371.745662,874.031320,-1375.696106,876.532898,30.697222,30.167754,9.875078,1656.007988,55.850355,165.600799
1253.200000,-1423.558053,844.736824,-1374.266941,875.671243,-1378.229274,878.180555,30.711111,30.269701,9.928594,1659.069180,56.330998,165.906918
1253.300000,-1426.368498,845.950206,-1376.791864,877.316852,-1380.765783,879.833715,30.694444,30.283807,9.939266,1662.130371,56.812848,166.213037
1253.400000,-1429.185731,847.152457,-1379.318047,878.962142,-1383.303620,881.486595,30.672222,30.288893,9.959179,1665.193411,57.306205,166.519341
1253.500000,-1432.002964,848.354707,-1381.843430,880.611690,-1385.840573,883.143700,30.683333,30.315155,9.957582,1668.256450,57.803463,166.825645
1253.600000,-1434.813409,849.556958,-1384.371733,882.257783,-1388.380075,884.797084,30.652778,30.290942,9.894318,1671.313246,58.291689,167.131325
1253.700000,-1437.630642,850.770340,-1386.901535,883.902920,-1390.920753,886.449294,30.666667,30.322066,9.907423,1674.380672,58.777559,167.438067
1253.800000,-1440.447875,851.972591,-1389.428723,885.553575,-1393.458608,888.106916,30.661111,30.302740,9.872052,1677.443711,59.276308,167.744371
1253.900000,-1443.258319,853.185973,-1391.956720,887.200963,-1395.997553,889.761438,30.669444,30.306452,9.939482,1680.504903,59.760729,168.050490
1254.000000,-1446.075552,854.377092,-1394.483693,888.848656,-1398.535822,891.416497,30.666667,30.297270,9.928102,1683.563589,60.265608,168.356359
1254.100000,-1448.892785,855.568210,-1397.010358,890.494690,-1401.073896,893.069964,30.661111,30.285827,9.938184,1686.622276,60.770286,168.662228
1254.200000,-1451.710018,856.759329,-1399.537582,892.137340,-1403.613006,894.720339,30.658333,30.280880,9.993613,1689.680963,61.272840,168.968096
1254.300000,-1454.520463,857.950447,-1402.067788,893.773756,-1406.155646,896.364797,30.644444,30.280705,10.025722,1692.733399,61.764211,169.273340
1254.400000,-1457.344485,859.130434,-1404.595578,895.415900,-1408.696059,898.015141,30.669444,30.307509,10.056157,1695.794030,62.279128,169.579403
1254.500000,-1460.168506,860.288157,-1407.121312,897.058900,-1411.234677,899.666521,30.680556,30.261912,10.053335,1698.846148,62.810630,169.884615
1254.600000,-1462.985739,861.468143,-1409.646011,898.699837,-1413.772863,901.316225,30.677778,30.281996,10.135731,1701.900517,63.322799,170.190052
1254.700000,-1465.809761,862.648130,-1412.169915,900.338624,-1416.310871,902.964170,30.688889,30.239752,10.138324,1704.961148,63.839825,170.496115
1254.800000,-1468.626994,863.839249,-1414.688096,901.980720,-1418.843433,904.615644,30.691667,30.229207,10.134748,1708.019835,64.351514,170.801984
1254.900000,-1471.451016,865.019235,-1417.204056,903.622316,-1421.373925,906.266721,30.686111,30.200734,10.125928,1711.080467,64.877347,171.108047
1255.000000,-1474.275037,866.221486,-1419.715546,905.261609,-1423.900429,907.915814,30.705556,30.140734,10.131112,1714.149751,65.391270,171.414975
1255.100000,-1477.099059,867.401472,-1422.222971,906.894107,-1426.423709,909.558635,30.705556,30.078201,10.148689,1717.210383,65.918263,171.721038
1255.200000,-1479.929869,868.581459,-1424.728211,908.523666,-1428.945474,911.198943,30.708333,30.087938,10.194620,1720.277279,66.450421,172.027728
1255.300000,-1482.753890,869.761445,-1427.234858,910.156616,-1431.468706,912.842697,30.738889,30.140393,10.222863,1723.337911,66.978835,172.333791
1255.400000,-1485.584700,870.952564,-1429.741633,911.794558,-1433.992010,914.491439,30.711111,30.143643,10.242846,1726.409108,67.508810,172.640911
1255.500000,-1488.415511,872.121419,-1432.250386,913.431063,-1436.517535,916.138884,30.738889,30.163412,10.287152,1729.471738,68.050990,172.947174
1255.600000,-1491.239532,873.290273,-1434.759397,915.066641,-1439.043414,917.785459,30.750000,30.140077,10.255657,1732.528095,68.587581,173.252810
1255.700000,-1494.077131,874.470260,-1437.262510,916.702267,-1441.563571,919.432222,30.725000,30.069606,10.226095,1735.601259,69.132134,173.560126
1255.800000,-1496.914729,875.639115,-1439.764303,918.333429,-1444.082672,921.074669,30.750000,30.075225,10.235048,1738.670166,69.682250,173.867017
1255.900000,-1499.745539,876.807969,-1442.268023,919.961809,-1446.603570,922.714221,30.763889,30.068138,10.199676,1741.732796,70.224304,174.173280
1256.000000,-1502.583138,877.976824,-1444.770526,921.594968,-1449.122700,924.358230,30.761111,30.094244,10.160553,1744.801703,70.776079,174.480170
1256.100000,-1505.413948,879.134547,-1447.270947,923.231827,-1451.639376,926.005732,30.763889,30.065277,10.134554,1747.860102,71.334512,174.786010
1256.200000,-1508.251547,880.314533,-1449.771688,924.865696,-1454.156266,927.650151,30.775000,30.064074,10.109761,1750.933266,71.881570,175.093327
1256.300000,-1511.089145,881.483388,-1452.276515,926.497895,-1456.676631,929.292474,30.763889,30.100591,10.060968,1754.002172,72.432248,175.400217
1256.400000,-1513.926744,882.641111,-1454.785000,928.130007,-1459.199768,930.934120,30.788889,30.103142,9.992515,1757.066856,72.988059,175.706686
1256.500000,-1516.771131,883.809965,-1457.299101,929.761068,-1461.727778,932.574205,30.780556,30.165289,9.993605,1760.142041,73.537214,176.014204
1256.600000,-1519.608730,884.978820,-1459.818949,931.389998,-1464.261196,934.211907,30.791667,30.168045,9.995584,1763.210947,74.075950,176.321095
1256.700000,-1522.453117,886.136543,-1462.336194,933.024542,-1466.791926,935.855208,30.800000,30.181046,9.997684,1766.281918,74.633195,176.628192
1256.800000,-1525.297504,887.294265,-1464.849239,934.664208,-1469.318468,937.503679,30.805556,30.154254,9.987071,1769.352888,75.197325,176.935289
1256.900000,-1528.135103,888.451988,-1467.362805,936.302541,-1471.845477,939.150774,30.797222,30.173837,9.980449,1772.417572,75.755455,177.241757
1257.000000,-1530.986278,889.598579,-1469.875272,937.947244,-1474.371032,940.804046,30.800000,30.197478,9.971310,1775.490661,76.336662,177.549066
1257.100000,-1533.830665,890.756301,-1472.385759,939.597538,-1476.894425,942.462823,30.791667,30.198062,9.975312,1778.561631,76.910987,177.856163
1257.200000,-1536.681841,891.902892,-1474.893399,941.250609,-1479.415328,944.124638,30.827778,30.189286,10.027851,1781.634720,77.502027,178.163472
1257.300000,-1539.526228,893.060615,-1477.400839,942.900646,-1481.936312,945.783587,30.830556,30.167885,9.993161,1784.705690,78.078872,178.470569
1257.400000,-1542.370615,894.207206,-1479.909914,944.543496,-1484.458778,947.435205,30.847222,30.133609,9.941862,1787.772482,78.657491,178.777248
1257.500000,-1545.221791,895.353796,-1482.419063,946.183296,-1486.981073,949.083597,30.800000,30.129717,9.910771,1790.845570,79.239338,179.084557
1257.600000,-1548.079755,896.489255,-1484.928544,947.822976,-1489.503705,950.731869,30.813889,30.137922,9.946657,1793.920830,79.833670,179.392083
1257.700000,-1550.924142,897.613582,-1487.435653,949.460746,-1492.024341,952.378476,30.819444,30.078100,9.925197,1796.979367,80.426240,179.697937
1257.800000,-1553.775318,898.737909,-1489.938776,951.099677,-1494.541378,954.026517,30.836111,30.093360,9.971363,1800.044219,81.027710,180.004422
1257.900000,-1556.626493,899.873368,-1492.441396,952.738993,-1497.058197,955.675133,30.825000,30.080770,9.978291,1803.113171,81.622417,180.311317
1258.000000,-1559.484458,901.008827,-1494.943895,954.374270,-1499.575163,957.319864,30.811111,30.053280,9.976503,1806.188431,82.219563,180.618843
1258.100000,-1562.342422,902.155417,-1497.442250,956.007722,-1502.088460,958.963085,30.861111,30.002820,9.983807,1809.267819,82.810936,180.926782
1258.200000,-1565.200386,903.268612,-1499.933933,957.640489,-1504.595382,960.605838,30.825000,29.941462,9.918503,1812.334929,83.429755,181.233493
1258.300000,-1568.058350,904.392939,-1502.424273,959.269394,-1507.101162,962.244843,30.808333,29.942674,9.957677,1815.406096,84.039405,181.540610
1258.400000,-1570.923103,905.528398,-1504.910202,960.898153,-1509.602917,963.883971,30.861111,29.875443,9.921283,1818.487667,84.649501,181.848767
1258.500000,-1573.774278,906.674989,-1507.391650,962.528555,-1512.100483,965.524963,30.852778,29.893074,9.961758,1821.560755,85.246563,182.156076
1258.600000,-1576.625454,907.821579,-1509.872535,964.165855,-1514.597702,967.173042,30.825000,29.947598,10.035073,1824.633844,85.848926,182.463384
1258.700000,-1579.483418,908.945906,-1512.357929,965.797537,-1517.099727,968.815643,30.844444,29.913146,10.029686,1827.705011,86.464503,182.770501
1258.800000,-1582.334594,910.059101,-1514.842190,967.422381,-1519.601042,970.451642,30.836111,29.863315,10.021399,1830.765796,87.079030,183.076580
1258.900000,-1585.199346,911.150032,-1517.316548,969.055665,-1522.092646,972.096309,30.816667,29.846059,10.004654,1833.831239,87.732003,183.383124
1259.000000,-1588.050522,912.263227,-1519.784382,970.696779,-1524.577597,973.748806,30.833333,29.838868,9.981116,1836.892024,88.370180,183.689202
1259.100000,-1590.935640,913.320762,-1522.249301,972.340151,-1527.059612,975.403576,30.841667,29.822378,9.979742,1839.964854,89.075377,183.996485
1259.200000,-1593.813970,914.467353,-1524.717254,973.979442,-1529.544549,977.054149,30.816667,29.841032,9.960150,1843.063153,89.708781,184.306315
1259.300000,-1596.828070,915.513756,-1527.189064,975.618349,-1532.032787,978.703948,30.813889,29.868820,9.926551,1846.253726,90.506513,184.625373
1259.400000,-1599.550264,916.760534,-1529.661859,977.259068,-1534.521481,980.355216,30.844444,29.864868,9.891589,1849.247853,90.956177,184.924785
1259.500000,-1602.265669,918.051841,-1532.135170,978.901612,-1537.010313,982.008067,30.830556,29.888627,9.880346,1852.254661,91.371004,185.225466
1259.600000,-1605.205095,919.142772,-1534.604232,980.548087,-1539.494870,983.664875,30.819444,29.837536,9.863408,1855.390002,92.091995,185.539000
1259.700000,-1608.063060,920.155779,-1537.070545,982.193265,-1541.976938,985.320563,30.813889,29.834785,9.872484,1858.422186,92.810692,185.842219
1259.800000,-1610.934601,921.313502,-1539.534753,983.838985,-1544.457066,986.976916,30.802778,29.812647,9.868822,1861.518324,93.439534,186.151832
1259.900000,-1613.812931,922.315377,-1541.996504,985.484397,-1546.934778,988.632996,30.819444,29.791560,9.836926,1864.566034,94.184467,186.456603
1260.000000,-1616.677683,923.372912,-1544.456146,987.129625,-1549.410327,990.288863,30.816667,29.774341,9.821625,1867.619751,94.882252,186.761975
